"Risk","Table","File","Line","Snippet"
"BY_ID","accounts","_compare_old_copy/orange - Copy/admin/api/accounts/delete-node.php","23","$st = $pdo->prepare('SELECT id, name, code, parent_id FROM accounts WHERE id = ? LIMIT 1');"
"BY_ID","accounts","_compare_old_copy/orange - Copy/admin/api/accounts/delete-node.php","41","$pdo->prepare('DELETE FROM accounts WHERE id = ?')->execute([$id]);"
"MED_REVIEW","accounts","_compare_old_copy/orange - Copy/admin/api/accounts/lookup-by-code.php","32","$sql = 'SELECT a.id, a.name, a.code FROM accounts a WHERE a.code = ? AND ' . orange_accounts_posting..."
"BY_ID","accounts","_compare_old_copy/orange - Copy/admin/api/accounts/save-node.php","41","$chk = $pdo->prepare('SELECT id FROM accounts WHERE id = ? LIMIT 1');"
"MED_REVIEW","accounts","_compare_old_copy/orange - Copy/admin/api/accounts/save-node.php","68","$dup = $pdo->prepare('SELECT id FROM accounts WHERE code = ? LIMIT 1');"
"BY_ID","accounts","_compare_old_copy/orange - Copy/admin/api/accounts/save-node.php","102","$exSt = $pdo->prepare('SELECT code FROM accounts WHERE id = ? LIMIT 1');"
"MED_REVIEW","accounts","_compare_old_copy/orange - Copy/admin/api/accounts/save-node.php","113","$dup = $pdo->prepare('SELECT id FROM accounts WHERE code = ? AND id <> ? LIMIT 1');"
"MED_REVIEW","accounts","_compare_old_copy/orange - Copy/admin/api/accounts/save-root-setup.php","40","$dup = $pdo->prepare('SELECT id FROM accounts WHERE code = ? LIMIT 1');"
"BY_ID","accounts","_compare_old_copy/orange - Copy/admin/api/accounts/save-root-setup.php","72","$exSt = $pdo->prepare('SELECT id, code, parent_id FROM accounts WHERE id = ? LIMIT 1');"
"MED_REVIEW","accounts","_compare_old_copy/orange - Copy/admin/api/accounts/save-root-setup.php","87","$dup = $pdo->prepare('SELECT id FROM accounts WHERE code = ? AND id <> ? LIMIT 1');"
"MED_REVIEW","accounts","_compare_old_copy/orange - Copy/admin/api/accounts/search-leaves.php","29","$sql = 'SELECT ' . $cols . ' FROM accounts a WHERE ' . orange_accounts_posting_leaf_where_sql($pdo, ..."
"BY_ID","accounts","_compare_old_copy/orange - Copy/admin/api/accounts/suggest-code.php","20","$chk = $pdo->prepare('SELECT id FROM accounts WHERE id = ? LIMIT 1');"
"BY_ID","accounts","_compare_old_copy/orange - Copy/admin/api/journal/manage.php","64","$chk = $pdo->prepare('SELECT is_group FROM accounts WHERE id = ? LIMIT 1');"
"BY_ID","accounts","_compare_old_copy/orange - Copy/admin/api/journal/manage.php","125","$chk = $pdo->prepare('SELECT is_group FROM accounts WHERE id = ? LIMIT 1');"
"MED_REVIEW","accounts","_compare_old_copy/orange - Copy/admin/api/settings/gl-accounts.php","21","'SELECT id, name, code FROM accounts ORDER BY COALESCE(code, \'\') ASC, name ASC'"
"BY_ID","accounts","_compare_old_copy/orange - Copy/admin/api/settings/gl-accounts.php","77","$chk = $pdo->prepare('SELECT id FROM accounts WHERE id = ? LIMIT 1');"
"MED_REVIEW","accounts","_compare_old_copy/orange - Copy/admin/pages/financial_report.php","28","$accounts = $pdo->query('SELECT id, name, code FROM accounts ORDER BY COALESCE(code, \'\'), name')->..."
"MED_REVIEW","accounts","_compare_old_copy/orange - Copy/admin/pages/gl_account_settings.php","13","'SELECT id, name, code FROM accounts ORDER BY COALESCE(code, \'\'), name ASC'"
"MED_REVIEW","accounts","_compare_old_copy/orange - Copy/admin/pages/journal_entries.php","21","$accounts = $pdo->query('SELECT ' . $accCols . ' FROM accounts ORDER BY COALESCE(code, \'\'), name')..."
"IMPLICIT_ENTITY","accounts","_compare_old_copy/orange - Copy/admin/pages/opening_balances.php","33","INNER JOIN accounts a ON a.id = jl.account_id"
"BY_ID","accounts","_compare_old_copy/orange - Copy/includes/account_tree.php","31","$st = $pdo->prepare('SELECT parent_id FROM accounts WHERE id = ? LIMIT 1');"
"BY_ID","accounts","_compare_old_copy/orange - Copy/includes/account_tree.php","109","$st = $pdo->prepare('SELECT code FROM accounts WHERE id = ? LIMIT 1');"
"BY_ID","accounts","_compare_old_copy/orange - Copy/includes/account_tree.php","139","$st = $pdo->prepare('SELECT code FROM accounts WHERE id = ? LIMIT 1');"
"MED_REVIEW","accounts","_compare_old_copy/orange - Copy/includes/account_tree.php","190","$rows = $pdo->query('SELECT ' . $cols . ' FROM accounts ORDER BY COALESCE(code, \'\'), id')->fetchAl..."
"BY_ID","accounts","_compare_old_copy/orange - Copy/includes/account_tree.php","237","$st = $pdo->prepare('SELECT parent_id FROM accounts WHERE id = ? LIMIT 1');"
"BY_ID","accounts","_compare_old_copy/orange - Copy/includes/account_tree.php","264","$st = $pdo->prepare('SELECT parent_id FROM accounts WHERE id = ? LIMIT 1');"
"LOW_TREE","accounts","_compare_old_copy/orange - Copy/includes/account_tree.php","312","$parts[] = ""NOT EXISTS (SELECT 1 FROM accounts ch WHERE ch.parent_id = {$alias}.id)"";"
"LOW_TREE","accounts","_compare_old_copy/orange - Copy/includes/account_tree.php","346","$pq = $pdo->query('SELECT DISTINCT parent_id FROM accounts WHERE COALESCE(parent_id, 0) > 0');"
"MED_REVIEW","accounts","_compare_old_copy/orange - Copy/includes/account_tree.php","402","$sql = 'SELECT a.id, a.code FROM accounts a WHERE a.id IN (' . $ph . ') AND ' . orange_accounts_post..."
"BY_ID","accounts","_compare_old_copy/orange - Copy/includes/account_tree.php","429","$sql = 'SELECT a.code FROM accounts a WHERE a.id = ? AND ' . orange_accounts_posting_leaf_where_sql(..."
"LOW_TREE","accounts","_compare_old_copy/orange - Copy/includes/account_tree.php","455","""SELECT code FROM accounts WHERE (parent_id IS NULL OR parent_id = 0)"
"BY_ID","accounts","_compare_old_copy/orange - Copy/includes/account_tree.php","469","$pst = $pdo->prepare('SELECT code FROM accounts WHERE id = ? LIMIT 1');"
"LOW_TREE","accounts","_compare_old_copy/orange - Copy/includes/account_tree.php","480","'SELECT code FROM accounts WHERE parent_id = ? AND code IS NOT NULL AND code <> \'\''"
"LOW_TREE","accounts","_compare_old_copy/orange - Copy/includes/account_tree.php","586","$ch = $pdo->prepare('SELECT COUNT(*) FROM accounts WHERE parent_id = ?');"
"LOW_TREE","accounts","_compare_old_copy/orange - Copy/includes/account_tree.php","645","$sql = 'SELECT ' . $cols . ' FROM accounts WHERE (parent_id IS NULL OR parent_id = 0)'"
"LOW_TREE","accounts","_compare_old_copy/orange - Copy/includes/catalog_schema.php","79","$cnt = (int) $pdo->query('SELECT COUNT(*) FROM accounts')->fetchColumn();"
"LOW_TREE","accounts","_compare_old_copy/orange - Copy/includes/catalog_schema.php","117","$cnt2 = (int) $pdo->query('SELECT COUNT(*) FROM accounts')->fetchColumn();"
"IMPLICIT_ENTITY","accounts","_compare_old_copy/orange - Copy/includes/gl_pending_movements.php","458","INNER JOIN accounts a ON a.id = jl.account_id"
"MED_REVIEW","accounts","_compare_old_copy/orange - Copy/includes/gl_pending_movements.php","500","$st = $pdo->query('SELECT id, COALESCE(code, \'\') AS code, name FROM accounts WHERE id IN (' . $in ..."
"BY_ID","accounts","_compare_old_copy/orange - Copy/includes/gl_pending_movements.php","595","$chk = $pdo->prepare('SELECT COALESCE(code, \'\') AS code, name FROM accounts WHERE id = ? LIMIT 1')..."
"MED_REVIEW","accounts","_compare_old_copy/orange - Copy/includes/gl_settings.php","235","'SELECT a.id FROM accounts a WHERE a.code = ? AND ' . orange_accounts_posting_leaf_where_sql($pdo, '..."
"BY_ID","accounts","_compare_old_copy/orange - Copy/includes/journal_voucher.php","191","$chk = $pdo->prepare('SELECT id FROM accounts WHERE id = ? LIMIT 1');"
"BY_ID","accounts","_compare_old_copy/orange - Copy/includes/year_end_close.php","87","$chk = $pdo->prepare('SELECT id FROM accounts WHERE id = ? LIMIT 1');"
"MAINT","accounts","_compare_old_copy/orange - Copy/scripts/mysql-strong-integrity.sql","25","--   LEFT JOIN accounts a ON a.id = jl.account_id WHERE jl.account_id IS NOT NULL AND a.id IS NULL;"
"BY_ID","accounts","_compare_zip_old/orange - Copy/admin/api/accounts/delete-node.php","23","$st = $pdo->prepare('SELECT id, name, code, parent_id FROM accounts WHERE id = ? LIMIT 1');"
"BY_ID","accounts","_compare_zip_old/orange - Copy/admin/api/accounts/delete-node.php","41","$pdo->prepare('DELETE FROM accounts WHERE id = ?')->execute([$id]);"
"MED_REVIEW","accounts","_compare_zip_old/orange - Copy/admin/api/accounts/lookup-by-code.php","32","$sql = 'SELECT a.id, a.name, a.code FROM accounts a WHERE a.code = ? AND ' . orange_accounts_posting..."
"BY_ID","accounts","_compare_zip_old/orange - Copy/admin/api/accounts/save-node.php","41","$chk = $pdo->prepare('SELECT id FROM accounts WHERE id = ? LIMIT 1');"
"MED_REVIEW","accounts","_compare_zip_old/orange - Copy/admin/api/accounts/save-node.php","68","$dup = $pdo->prepare('SELECT id FROM accounts WHERE code = ? LIMIT 1');"
"BY_ID","accounts","_compare_zip_old/orange - Copy/admin/api/accounts/save-node.php","102","$exSt = $pdo->prepare('SELECT code FROM accounts WHERE id = ? LIMIT 1');"
"MED_REVIEW","accounts","_compare_zip_old/orange - Copy/admin/api/accounts/save-node.php","113","$dup = $pdo->prepare('SELECT id FROM accounts WHERE code = ? AND id <> ? LIMIT 1');"
"MED_REVIEW","accounts","_compare_zip_old/orange - Copy/admin/api/accounts/save-root-setup.php","40","$dup = $pdo->prepare('SELECT id FROM accounts WHERE code = ? LIMIT 1');"
"BY_ID","accounts","_compare_zip_old/orange - Copy/admin/api/accounts/save-root-setup.php","72","$exSt = $pdo->prepare('SELECT id, code, parent_id FROM accounts WHERE id = ? LIMIT 1');"
"MED_REVIEW","accounts","_compare_zip_old/orange - Copy/admin/api/accounts/save-root-setup.php","87","$dup = $pdo->prepare('SELECT id FROM accounts WHERE code = ? AND id <> ? LIMIT 1');"
"MED_REVIEW","accounts","_compare_zip_old/orange - Copy/admin/api/accounts/search-leaves.php","29","$sql = 'SELECT ' . $cols . ' FROM accounts a WHERE ' . orange_accounts_posting_leaf_where_sql($pdo, ..."
"BY_ID","accounts","_compare_zip_old/orange - Copy/admin/api/accounts/suggest-code.php","20","$chk = $pdo->prepare('SELECT id FROM accounts WHERE id = ? LIMIT 1');"
"BY_ID","accounts","_compare_zip_old/orange - Copy/admin/api/journal/manage.php","64","$chk = $pdo->prepare('SELECT is_group FROM accounts WHERE id = ? LIMIT 1');"
"BY_ID","accounts","_compare_zip_old/orange - Copy/admin/api/journal/manage.php","125","$chk = $pdo->prepare('SELECT is_group FROM accounts WHERE id = ? LIMIT 1');"
"MED_REVIEW","accounts","_compare_zip_old/orange - Copy/admin/api/settings/gl-accounts.php","21","'SELECT id, name, code FROM accounts ORDER BY COALESCE(code, \'\') ASC, name ASC'"
"BY_ID","accounts","_compare_zip_old/orange - Copy/admin/api/settings/gl-accounts.php","77","$chk = $pdo->prepare('SELECT id FROM accounts WHERE id = ? LIMIT 1');"
"MED_REVIEW","accounts","_compare_zip_old/orange - Copy/admin/pages/financial_report.php","28","$accounts = $pdo->query('SELECT id, name, code FROM accounts ORDER BY COALESCE(code, \'\'), name')->..."
"MED_REVIEW","accounts","_compare_zip_old/orange - Copy/admin/pages/gl_account_settings.php","13","'SELECT id, name, code FROM accounts ORDER BY COALESCE(code, \'\'), name ASC'"
"MED_REVIEW","accounts","_compare_zip_old/orange - Copy/admin/pages/journal_entries.php","21","$accounts = $pdo->query('SELECT ' . $accCols . ' FROM accounts ORDER BY COALESCE(code, \'\'), name')..."
"IMPLICIT_ENTITY","accounts","_compare_zip_old/orange - Copy/admin/pages/opening_balances.php","33","INNER JOIN accounts a ON a.id = jl.account_id"
"BY_ID","accounts","_compare_zip_old/orange - Copy/includes/account_tree.php","31","$st = $pdo->prepare('SELECT parent_id FROM accounts WHERE id = ? LIMIT 1');"
"BY_ID","accounts","_compare_zip_old/orange - Copy/includes/account_tree.php","109","$st = $pdo->prepare('SELECT code FROM accounts WHERE id = ? LIMIT 1');"
"BY_ID","accounts","_compare_zip_old/orange - Copy/includes/account_tree.php","139","$st = $pdo->prepare('SELECT code FROM accounts WHERE id = ? LIMIT 1');"
"MED_REVIEW","accounts","_compare_zip_old/orange - Copy/includes/account_tree.php","190","$rows = $pdo->query('SELECT ' . $cols . ' FROM accounts ORDER BY COALESCE(code, \'\'), id')->fetchAl..."
"BY_ID","accounts","_compare_zip_old/orange - Copy/includes/account_tree.php","237","$st = $pdo->prepare('SELECT parent_id FROM accounts WHERE id = ? LIMIT 1');"
"BY_ID","accounts","_compare_zip_old/orange - Copy/includes/account_tree.php","264","$st = $pdo->prepare('SELECT parent_id FROM accounts WHERE id = ? LIMIT 1');"
"LOW_TREE","accounts","_compare_zip_old/orange - Copy/includes/account_tree.php","312","$parts[] = ""NOT EXISTS (SELECT 1 FROM accounts ch WHERE ch.parent_id = {$alias}.id)"";"
"LOW_TREE","accounts","_compare_zip_old/orange - Copy/includes/account_tree.php","346","$pq = $pdo->query('SELECT DISTINCT parent_id FROM accounts WHERE COALESCE(parent_id, 0) > 0');"
"MED_REVIEW","accounts","_compare_zip_old/orange - Copy/includes/account_tree.php","402","$sql = 'SELECT a.id, a.code FROM accounts a WHERE a.id IN (' . $ph . ') AND ' . orange_accounts_post..."
"BY_ID","accounts","_compare_zip_old/orange - Copy/includes/account_tree.php","429","$sql = 'SELECT a.code FROM accounts a WHERE a.id = ? AND ' . orange_accounts_posting_leaf_where_sql(..."
"LOW_TREE","accounts","_compare_zip_old/orange - Copy/includes/account_tree.php","455","""SELECT code FROM accounts WHERE (parent_id IS NULL OR parent_id = 0)"
"BY_ID","accounts","_compare_zip_old/orange - Copy/includes/account_tree.php","469","$pst = $pdo->prepare('SELECT code FROM accounts WHERE id = ? LIMIT 1');"
"LOW_TREE","accounts","_compare_zip_old/orange - Copy/includes/account_tree.php","480","'SELECT code FROM accounts WHERE parent_id = ? AND code IS NOT NULL AND code <> \'\''"
"LOW_TREE","accounts","_compare_zip_old/orange - Copy/includes/account_tree.php","586","$ch = $pdo->prepare('SELECT COUNT(*) FROM accounts WHERE parent_id = ?');"
"LOW_TREE","accounts","_compare_zip_old/orange - Copy/includes/account_tree.php","645","$sql = 'SELECT ' . $cols . ' FROM accounts WHERE (parent_id IS NULL OR parent_id = 0)'"
"LOW_TREE","accounts","_compare_zip_old/orange - Copy/includes/catalog_schema.php","79","$cnt = (int) $pdo->query('SELECT COUNT(*) FROM accounts')->fetchColumn();"
"LOW_TREE","accounts","_compare_zip_old/orange - Copy/includes/catalog_schema.php","117","$cnt2 = (int) $pdo->query('SELECT COUNT(*) FROM accounts')->fetchColumn();"
"IMPLICIT_ENTITY","accounts","_compare_zip_old/orange - Copy/includes/gl_pending_movements.php","458","INNER JOIN accounts a ON a.id = jl.account_id"
"MED_REVIEW","accounts","_compare_zip_old/orange - Copy/includes/gl_pending_movements.php","500","$st = $pdo->query('SELECT id, COALESCE(code, \'\') AS code, name FROM accounts WHERE id IN (' . $in ..."
"BY_ID","accounts","_compare_zip_old/orange - Copy/includes/gl_pending_movements.php","595","$chk = $pdo->prepare('SELECT COALESCE(code, \'\') AS code, name FROM accounts WHERE id = ? LIMIT 1')..."
"MED_REVIEW","accounts","_compare_zip_old/orange - Copy/includes/gl_settings.php","235","'SELECT a.id FROM accounts a WHERE a.code = ? AND ' . orange_accounts_posting_leaf_where_sql($pdo, '..."
"BY_ID","accounts","_compare_zip_old/orange - Copy/includes/journal_voucher.php","191","$chk = $pdo->prepare('SELECT id FROM accounts WHERE id = ? LIMIT 1');"
"BY_ID","accounts","_compare_zip_old/orange - Copy/includes/year_end_close.php","87","$chk = $pdo->prepare('SELECT id FROM accounts WHERE id = ? LIMIT 1');"
"MAINT","accounts","_compare_zip_old/orange - Copy/scripts/mysql-strong-integrity.sql","25","--   LEFT JOIN accounts a ON a.id = jl.account_id WHERE jl.account_id IS NOT NULL AND a.id IS NULL;"
"BY_ID","accounts","admin/api/accounts/delete-node.php","24","$st = $pdo->prepare('SELECT id, name, code, parent_id FROM accounts WHERE id = ? LIMIT 1');"
"BY_ID","accounts","admin/api/accounts/delete-node.php","47","$pdo->prepare('DELETE FROM accounts WHERE id = ?')->execute([$id]);"
"MED_REVIEW","accounts","admin/api/accounts/lookup-by-code.php","34","$sql = 'SELECT a.id, a.name, a.code FROM accounts a WHERE a.code = ? AND ' . orange_accounts_posting..."
"BY_ID","accounts","admin/api/accounts/save-node.php","64","$chk = $pdo->prepare('SELECT id FROM accounts WHERE id = ? LIMIT 1');"
"SCOPED_EXPLICIT","accounts","admin/api/accounts/save-node.php","101","$dup = $pdo->prepare('SELECT id FROM accounts WHERE code = ? AND country_id = ? LIMIT 1');"
"MED_REVIEW","accounts","admin/api/accounts/save-node.php","104","$dup = $pdo->prepare('SELECT id FROM accounts WHERE code = ? LIMIT 1');"
"BY_ID","accounts","admin/api/accounts/save-node.php","155","$exSt = $pdo->prepare('SELECT code FROM accounts WHERE id = ? LIMIT 1');"
"SCOPED_EXPLICIT","accounts","admin/api/accounts/save-node.php","176","$dup = $pdo->prepare('SELECT id FROM accounts WHERE code = ? AND country_id = ? AND id <> ? LIMIT 1'..."
"MED_REVIEW","accounts","admin/api/accounts/save-node.php","179","$dup = $pdo->prepare('SELECT id FROM accounts WHERE code = ? AND id <> ? LIMIT 1');"
"SCOPED_EXPLICIT","accounts","admin/api/accounts/save-root-setup.php","44","$dup = $pdo->prepare('SELECT id FROM accounts WHERE code = ? AND country_id = ? LIMIT 1');"
"MED_REVIEW","accounts","admin/api/accounts/save-root-setup.php","47","$dup = $pdo->prepare('SELECT id FROM accounts WHERE code = ? LIMIT 1');"
"BY_ID","accounts","admin/api/accounts/save-root-setup.php","84","$exSt = $pdo->prepare('SELECT id, code, parent_id FROM accounts WHERE id = ? LIMIT 1');"
"SCOPED_EXPLICIT","accounts","admin/api/accounts/save-root-setup.php","109","$dup = $pdo->prepare('SELECT id FROM accounts WHERE code = ? AND country_id = ? AND id <> ? LIMIT 1'..."
"MED_REVIEW","accounts","admin/api/accounts/save-root-setup.php","112","$dup = $pdo->prepare('SELECT id FROM accounts WHERE code = ? AND id <> ? LIMIT 1');"
"LOW_TREE","accounts","admin/api/accounts/search-leaves.php","33","$conditions[] = 'EXISTS (SELECT 1 FROM accounts ch WHERE ch.parent_id = a.id)';"
"MED_REVIEW","accounts","admin/api/accounts/search-leaves.php","39","$sql = 'SELECT a.id, a.code, a.name FROM accounts a WHERE ' . $where;"
"MED_REVIEW","accounts","admin/api/accounts/search-leaves.php","80","$sql = 'SELECT ' . $cols . ' FROM accounts a WHERE 1=1';"
"MED_REVIEW","accounts","admin/api/accounts/search-leaves.php","131","$sql = 'SELECT ' . $cols . ' FROM accounts a WHERE ' . $leafWhere;"
"BY_ID","accounts","admin/api/accounts/suggest-code.php","21","$chk = $pdo->prepare('SELECT id FROM accounts WHERE id = ? LIMIT 1');"
"BY_ID","accounts","admin/api/journal/manage.php","163","$chk = $pdo->prepare('SELECT is_group FROM accounts WHERE id = ? LIMIT 1');"
"BY_ID","accounts","admin/api/journal/manage.php","321","$chk = $pdo->prepare('SELECT is_group FROM accounts WHERE id = ? LIMIT 1');"
"IMPLICIT_ENTITY","accounts","admin/api/journal/manage.php","430","INNER JOIN accounts a ON a.id = jl.account_id"
"SCOPED_EXPLICIT","accounts","admin/api/settings/gl-accounts.php","28","'SELECT id, name, code FROM accounts WHERE 1=1' . $acctFilter['sql']"
"MED_REVIEW","accounts","admin/api/settings/gl-accounts.php","35","'SELECT id, name, code FROM accounts ORDER BY COALESCE(code, \'\') ASC, name ASC'"
"BY_ID","accounts","admin/api/settings/gl-accounts.php","135","$chk = $pdo->prepare('SELECT id FROM accounts WHERE id = ? LIMIT 1');"
"LOW_TREE","accounts","admin/api/settings/gl-accounts.php","149","$chkHasChildren = $pdo->prepare('SELECT 1 FROM accounts WHERE parent_id = ? LIMIT 1');"
"BY_ID","accounts","admin/api/suppliers/print-card.php","47","$accSt = $pdo->prepare('SELECT code, name FROM accounts WHERE id = ? LIMIT 1');"
"LOW_TREE","accounts","admin/pages/accounting_reports_index.php","22","$acctIdxSql = ""SELECT COUNT(*) FROM accounts a WHERE $acctIdxLw"";"
"MED_REVIEW","accounts","admin/pages/financial_report.php","35","$acctSql = 'SELECT id, name, code FROM accounts WHERE 1=1';"
"LOW_TREE","accounts","admin/pages/financial_report.php","61","$frCountSql = ""SELECT COUNT(*) FROM accounts a WHERE $frPostingLeafWhere"";"
"BY_ID","accounts","admin/pages/fiscal_years.php","34","$st = $pdoConn->prepare('SELECT code, name FROM accounts WHERE id = ? LIMIT 1');"
"MED_REVIEW","accounts","admin/pages/gl_account_settings.php","37","'SELECT a.id, a.name, a.code FROM accounts a WHERE 1=1',"
"LOW_TREE","accounts","admin/pages/gl_posting.php","23","$glCountSql = ""SELECT COUNT(*) FROM accounts a WHERE $glPlw"";"
"MED_REVIEW","accounts","admin/pages/journal_voucher_reports.php","77","'SELECT ' . $accCols . ' FROM accounts a WHERE 1=1 ORDER BY COALESCE(a.code, \'\'), a.name',"
"BY_ID","accounts","admin/pages/journal_voucher_screen.php","27","$stCash = $pdo->prepare('SELECT id, code, name FROM accounts WHERE id = ? LIMIT 1');"
"IMPLICIT_ENTITY","accounts","admin/pages/opening_balances.php","140","INNER JOIN accounts a ON a.id = jl.account_id"
"MED_REVIEW","accounts","admin/pages/partner_account_statement.php","93","$pasAcctSql = ""SELECT a.id, a.name, a.code FROM accounts a WHERE $leafWhere"";"
"BY_ID","accounts","admin/pages/partner_party_voucher_ui.php","39","$stCash = $pdo->prepare('SELECT id, code, name FROM accounts WHERE id = ? LIMIT 1');"
"BY_ID","accounts","admin/pages/partner_party_voucher_ui.php","55","$st = $pdo->prepare('SELECT id, code, name FROM accounts WHERE id = ? LIMIT 1');"
"BY_ID","accounts","admin/pages/partner_party_voucher_ui.php","84","$st = $pdo->prepare('SELECT id, code, name FROM accounts WHERE id = ? LIMIT 1');"
"LOW_TREE","accounts","admin/pages/partner_party_voucher_ui.php","110","$chSt = $pdo->prepare(""SELECT id FROM accounts WHERE parent_id IN ($ph) AND id NOT IN ($ph)"");"
"LOW_TREE","accounts","admin/pages/partner_party_voucher_ui.php","175","$ppvCountSql = ""SELECT COUNT(*) FROM accounts a WHERE $ppvLw"";"
"LOW_TREE","accounts","admin/pages/partner_reports.php","27","$prPostingLeafCt = (int) $pdo->query(""SELECT COUNT(*) FROM accounts a WHERE $prLeafWhere"")->fetchCol..."
"BY_ID","accounts","admin/pages/partner_supplier_payment.php","29","$stCash = $pdo->prepare('SELECT id, code, name FROM accounts WHERE id = ? LIMIT 1');"
"BY_ID","accounts","admin/pages/partner_supplier_payment.php","51","$st = $pdo->prepare('SELECT id, code, name FROM accounts WHERE id = ? LIMIT 1');"
"LOW_TREE","accounts","admin/pages/partner_supplier_payment.php","73","$chSt = $pdo->prepare(""SELECT id FROM accounts WHERE parent_id IN ($ph) AND id NOT IN ($ph)"");"
"BY_ID","accounts","admin/pages/purchase_returns.php","76","$st = $pdo->prepare('SELECT id, code, name FROM accounts WHERE id = ? LIMIT 1');"
"LOW_TREE","accounts","admin/pages/purchase_returns.php","101","$chSt = $pdo->prepare(""SELECT id FROM accounts WHERE parent_id IN ($ph) AND id NOT IN ($ph)"");"
"SCOPED_WRAPPER","accounts","admin/pages/purchase_returns.php","160","foreach (orange_accounts_fetch($pdo, 'SELECT a.id, a.code, a.name FROM accounts a WHERE 1=1 ORDER BY..."
"BY_ID","accounts","admin/pages/purchases.php","66","$st = $pdo->prepare('SELECT id, code, name FROM accounts WHERE id = ? LIMIT 1');"
"LOW_TREE","accounts","admin/pages/purchases.php","88","$chSt = $pdo->prepare(""SELECT id FROM accounts WHERE parent_id IN ($ph) AND id NOT IN ($ph)"");"
"MED_REVIEW","accounts","admin/pages/purchases.php","134","$pv2AcctSql = 'SELECT id, code, name FROM accounts WHERE 1=1';"
"MED_REVIEW","accounts","admin/pages/report_gl_account_monthly.php","21","""SELECT a.id, a.name, a.code FROM accounts a WHERE $leafWhere ORDER BY COALESCE(a.code, ''), a.name""..."
"BY_ID","accounts","admin/pages/report_gl_account_monthly.php","42","$stOne = $pdo->prepare('SELECT code, name FROM accounts WHERE id = ? LIMIT 1');"
"SCOPED_WRAPPER","accounts","admin/pages/report_pl_compare_years.php","20","$accounts = orange_accounts_fetch($pdo, 'SELECT a.id FROM accounts a WHERE 1=1 ORDER BY COALESCE(a.c..."
"MED_REVIEW","accounts","admin/pages/report_pl_monthly.php","133","""SELECT a.id, a.name, a.code FROM accounts a WHERE $leafWhere ORDER BY COALESCE(a.code, ''), a.name""..."
"MED_REVIEW","accounts","admin/pages/report_trial_balance.php","96","$tbAcctSql = ""SELECT a.id, a.name, a.code FROM accounts a WHERE $leafWhere"";"
"LOW_TREE","accounts","admin/pages/suppliers.php","34","'SELECT id FROM accounts WHERE parent_id IN (' . $apPh . ') AND id NOT IN (' . $apPh . ')'"
"MED_REVIEW","accounts","admin/pages/suppliers.php","49","$acctSql = 'SELECT a.id, a.code, a.name FROM accounts a WHERE a.id IN (' . $apPh . ') AND (' . $lw ...."
"MED_REVIEW","accounts","admin/pages/suppliers.php","52","$acctSql = 'SELECT a.id, a.code, a.name FROM accounts a WHERE ' . $lw;"
"BY_ID","accounts","includes/account_tree.php","33","$st = $pdo->prepare('SELECT parent_id FROM accounts WHERE id = ? LIMIT 1');"
"BY_ID","accounts","includes/account_tree.php","111","$st = $pdo->prepare('SELECT code FROM accounts WHERE id = ? LIMIT 1');"
"BY_ID","accounts","includes/account_tree.php","141","$st = $pdo->prepare('SELECT code FROM accounts WHERE id = ? LIMIT 1');"
"BY_ID","accounts","includes/account_tree.php","236","$st = $pdo->prepare('SELECT ' . $sel . ' FROM accounts WHERE id = ? LIMIT 1');"
"LOW_TREE","accounts","includes/account_tree.php","459","$sql = ""SELECT COUNT(*) FROM accounts a WHERE $lw"";"
"BY_ID","accounts","includes/account_tree.php","517","$st = $pdo->prepare('SELECT parent_id FROM accounts WHERE id = ? LIMIT 1');"
"BY_ID","accounts","includes/account_tree.php","544","$st = $pdo->prepare('SELECT parent_id FROM accounts WHERE id = ? LIMIT 1');"
"LOW_TREE","accounts","includes/account_tree.php","592","$parts[] = ""NOT EXISTS (SELECT 1 FROM accounts ch WHERE ch.parent_id = {$alias}.id)"";"
"LOW_TREE","accounts","includes/account_tree.php","626","$pq = $pdo->query('SELECT DISTINCT parent_id FROM accounts WHERE COALESCE(parent_id, 0) > 0');"
"MED_REVIEW","accounts","includes/account_tree.php","682","$sql = 'SELECT a.id, a.code FROM accounts a WHERE a.id IN (' . $ph . ') AND ' . orange_accounts_post..."
"BY_ID","accounts","includes/account_tree.php","709","$sql = 'SELECT a.code FROM accounts a WHERE a.id = ? AND ' . orange_accounts_posting_leaf_where_sql(..."
"LOW_TREE","accounts","includes/account_tree.php","734","$rootSql = ""SELECT code FROM accounts WHERE (parent_id IS NULL OR parent_id = 0)"
"BY_ID","accounts","includes/account_tree.php","759","$pst = $pdo->prepare('SELECT code FROM accounts WHERE id = ? LIMIT 1');"
"LOW_TREE","accounts","includes/account_tree.php","770","'SELECT code FROM accounts WHERE parent_id = ? AND code IS NOT NULL AND code <> \'\''"
"LOW_TREE","accounts","includes/account_tree.php","876","$ch = $pdo->prepare('SELECT COUNT(*) FROM accounts WHERE parent_id = ?');"
"LOW_TREE","accounts","includes/account_tree.php","935","$sql = 'SELECT ' . $cols . ' FROM accounts WHERE (parent_id IS NULL OR parent_id = 0)';"
"MED_REVIEW","accounts","includes/accounting_report_mapping.php","52","$st = $pdo->prepare('SELECT ' . $cols . ' FROM accounts a' . $join . ' WHERE a.id IN (' . $ph . ')')..."
"LOW_TREE","accounts","includes/catalog_schema.php","504","$cnt = (int) $pdo->query('SELECT COUNT(*) FROM accounts')->fetchColumn();"
"LOW_TREE","accounts","includes/catalog_schema.php","542","$cnt2 = (int) $pdo->query('SELECT COUNT(*) FROM accounts')->fetchColumn();"
"BY_ID","accounts","includes/countries.php","669","$st = $pdo->prepare('SELECT country_id FROM accounts WHERE id = ? LIMIT 1');"
"BY_ID","accounts","includes/countries.php","689","$st = $pdo->prepare('SELECT country_id FROM accounts WHERE id = ? LIMIT 1');"
"SCOPED_EXPLICIT","accounts","includes/countries.php","712","'SELECT id FROM accounts WHERE id IN (' . $ph . ') AND country_id = ?'"
"SCOPED_EXPLICIT","accounts","includes/country_provision.php","52","$st = $pdo->prepare('SELECT COUNT(*) FROM accounts WHERE country_id = ?');"
"SCOPED_EXPLICIT","accounts","includes/country_provision.php","193","$stCnt = $pdo->prepare('SELECT COUNT(*) FROM accounts WHERE country_id = ?');"
"SCOPED_EXPLICIT","accounts","includes/country_provision.php","201","$stSrc = $pdo->prepare('SELECT * FROM accounts WHERE country_id = ? ORDER BY id ASC');"
"MED_REVIEW","accounts","includes/financial_report_breakdown.php","234","$sql = 'SELECT ' . $cols . ' FROM accounts a' . $join . ' WHERE ' . $lw;"
"IMPLICIT_ENTITY","accounts","includes/gl_pending_movements.php","660","INNER JOIN accounts a ON a.id = jl.account_id"
"MED_REVIEW","accounts","includes/gl_pending_movements.php","702","$st = $pdo->query('SELECT id, COALESCE(code, \'\') AS code, name FROM accounts WHERE id IN (' . $in ..."
"BY_ID","accounts","includes/gl_pending_movements.php","798","$chk = $pdo->prepare('SELECT COALESCE(code, \'\') AS code, name FROM accounts WHERE id = ? LIMIT 1')..."
"MED_REVIEW","accounts","includes/gl_settings.php","507","$sql = 'SELECT a.id FROM accounts a WHERE a.code = ? AND ' . orange_accounts_posting_leaf_where_sql(..."
"BY_ID","accounts","includes/journal_voucher.php","483","$chk = $pdo->prepare('SELECT id FROM accounts WHERE id = ? LIMIT 1');"
"BY_ID","accounts","includes/journal_voucher.php","720","$chk = $pdo->prepare('SELECT id FROM accounts WHERE id = ? LIMIT 1');"
"BY_ID","accounts","includes/year_end_close.php","93","$chk = $pdo->prepare('SELECT id FROM accounts WHERE id = ? LIMIT 1');"
"MED_REVIEW","accounts","scripts/maintenance_empty_accounts_reset_autoincrement.sql","32","DELETE FROM accounts;"
"MAINT","accounts","scripts/migrations/010_remove_analytical_coa_root.sql","3","DELETE FROM accounts"
"MAINT","accounts","scripts/migrations/010_remove_analytical_coa_root.sql","6","AND NOT EXISTS (SELECT 1 FROM accounts AS c WHERE c.parent_id = accounts.id);"
"MAINT","accounts","scripts/migrations/011_ensure_off_balance_coa_root.sql","18","FROM accounts AS a"
"MAINT","accounts","scripts/mysql-strong-integrity.sql","25","--   LEFT JOIN accounts a ON a.id = jl.account_id WHERE jl.account_id IS NOT NULL AND a.id IS NULL;"
"BY_ID","journal_vouchers","_compare_old_copy/orange - Copy/admin/api/journal/manage.php","187","$stmt = $pdo->prepare('SELECT * FROM journal_vouchers WHERE id = ? LIMIT 1');"
"BY_ID","journal_vouchers","_compare_old_copy/orange - Copy/admin/api/journal/manage.php","217","$pdo->prepare('DELETE FROM journal_vouchers WHERE id = ?')->execute([$id]);"
"IMPLICIT_FY","journal_vouchers","_compare_old_copy/orange - Copy/admin/api/opening_balances/save.php","77","$ex = $pdo->prepare('SELECT id FROM journal_vouchers WHERE fiscal_year_id = ? AND entry_type = ?');"
"BY_ID","journal_vouchers","_compare_old_copy/orange - Copy/admin/api/opening_balances/save.php","80","$pdo->prepare('DELETE FROM journal_vouchers WHERE id = ?')->execute([(int)$oldId]);"
"MED_REVIEW","journal_vouchers","_compare_old_copy/orange - Copy/admin/pages/financial_report.php","55","INNER JOIN journal_vouchers jv ON jv.id = jl.voucher_id"
"IMPLICIT_FY","journal_vouchers","_compare_old_copy/orange - Copy/admin/pages/journal_entries.php","29","$st = $pdo->prepare('SELECT * FROM journal_vouchers WHERE fiscal_year_id = ? ORDER BY voucher_date D..."
"IMPLICIT_FY","journal_vouchers","_compare_old_copy/orange - Copy/admin/pages/opening_balances.php","22","'SELECT id FROM journal_vouchers WHERE fiscal_year_id = ? AND entry_type = ? ORDER BY id DESC LIMIT ..."
"BY_ID","journal_vouchers","_compare_old_copy/orange - Copy/admin/pages/opening_balances.php","27","$vd = $pdo->prepare('SELECT description FROM journal_vouchers WHERE id = ? LIMIT 1');"
"MED_REVIEW","journal_vouchers","_compare_old_copy/orange - Copy/admin/pages/partner_ledger.php","39","INNER JOIN journal_vouchers jv ON jv.id = ps.voucher_id"
"IMPLICIT_FY","journal_vouchers","_compare_old_copy/orange - Copy/includes/fiscal_years.php","106","$st = $pdo->prepare('SELECT 1 FROM journal_vouchers WHERE fiscal_year_id = ? LIMIT 1');"
"BY_ID","journal_vouchers","_compare_old_copy/orange - Copy/includes/gl_pending_movements.php","404","$vSt = $pdo->prepare('SELECT * FROM journal_vouchers WHERE id = ? FOR UPDATE');"
"BY_ID","journal_vouchers","_compare_old_copy/orange - Copy/includes/gl_pending_movements.php","427","$pdo->prepare('DELETE FROM journal_vouchers WHERE id = ?')->execute([$vid]);"
"REF_KEY","journal_vouchers","_compare_old_copy/orange - Copy/includes/gl_pending_movements.php","638","$st = $pdo->prepare('SELECT 1 FROM journal_vouchers WHERE reference LIKE ? LIMIT 1');"
"REF_KEY","journal_vouchers","_compare_old_copy/orange - Copy/includes/journal_voucher.php","21","$st = $pdo->prepare('SELECT * FROM journal_vouchers WHERE reference = ? ORDER BY id DESC LIMIT 1');"
"BY_ID","journal_vouchers","_compare_old_copy/orange - Copy/includes/journal_voucher.php","61","$pdo->prepare('DELETE FROM journal_vouchers WHERE id = ?')->execute([(int) $v['id']]);"
"BY_ID","journal_vouchers","_compare_old_copy/orange - Copy/includes/journal_voucher.php","204","$pdo->prepare('DELETE FROM journal_vouchers WHERE id = ?')->execute([$vid]);"
"MED_REVIEW","journal_vouchers","_compare_old_copy/orange - Copy/includes/journal_voucher.php","268","INNER JOIN journal_vouchers jv ON jv.id = jl.voucher_id"
"REF_KEY","journal_vouchers","_compare_old_copy/orange - Copy/includes/order_fulfillment.php","333","$st = $pdo->prepare('SELECT 1 FROM journal_vouchers WHERE reference LIKE ? LIMIT 1');"
"MED_REVIEW","journal_vouchers","_compare_old_copy/orange - Copy/includes/party_subledger.php","132","INNER JOIN journal_vouchers jv ON jv.id = ps.voucher_id"
"MED_REVIEW","journal_vouchers","_compare_old_copy/orange - Copy/includes/party_subledger.php","181","INNER JOIN journal_vouchers jv ON jv.id = ps.voucher_id"
"IMPLICIT_FY","journal_vouchers","_compare_old_copy/orange - Copy/includes/year_end_close.php","24","$stChk = $pdo->prepare('SELECT id FROM journal_vouchers WHERE fiscal_year_id = ? AND entry_type = ? ..."
"BY_ID","journal_vouchers","_compare_zip_old/orange - Copy/admin/api/journal/manage.php","187","$stmt = $pdo->prepare('SELECT * FROM journal_vouchers WHERE id = ? LIMIT 1');"
"BY_ID","journal_vouchers","_compare_zip_old/orange - Copy/admin/api/journal/manage.php","217","$pdo->prepare('DELETE FROM journal_vouchers WHERE id = ?')->execute([$id]);"
"IMPLICIT_FY","journal_vouchers","_compare_zip_old/orange - Copy/admin/api/opening_balances/save.php","77","$ex = $pdo->prepare('SELECT id FROM journal_vouchers WHERE fiscal_year_id = ? AND entry_type = ?');"
"BY_ID","journal_vouchers","_compare_zip_old/orange - Copy/admin/api/opening_balances/save.php","80","$pdo->prepare('DELETE FROM journal_vouchers WHERE id = ?')->execute([(int)$oldId]);"
"MED_REVIEW","journal_vouchers","_compare_zip_old/orange - Copy/admin/pages/financial_report.php","55","INNER JOIN journal_vouchers jv ON jv.id = jl.voucher_id"
"IMPLICIT_FY","journal_vouchers","_compare_zip_old/orange - Copy/admin/pages/journal_entries.php","29","$st = $pdo->prepare('SELECT * FROM journal_vouchers WHERE fiscal_year_id = ? ORDER BY voucher_date D..."
"IMPLICIT_FY","journal_vouchers","_compare_zip_old/orange - Copy/admin/pages/opening_balances.php","22","'SELECT id FROM journal_vouchers WHERE fiscal_year_id = ? AND entry_type = ? ORDER BY id DESC LIMIT ..."
"BY_ID","journal_vouchers","_compare_zip_old/orange - Copy/admin/pages/opening_balances.php","27","$vd = $pdo->prepare('SELECT description FROM journal_vouchers WHERE id = ? LIMIT 1');"
"MED_REVIEW","journal_vouchers","_compare_zip_old/orange - Copy/admin/pages/partner_ledger.php","39","INNER JOIN journal_vouchers jv ON jv.id = ps.voucher_id"
"IMPLICIT_FY","journal_vouchers","_compare_zip_old/orange - Copy/includes/fiscal_years.php","106","$st = $pdo->prepare('SELECT 1 FROM journal_vouchers WHERE fiscal_year_id = ? LIMIT 1');"
"BY_ID","journal_vouchers","_compare_zip_old/orange - Copy/includes/gl_pending_movements.php","404","$vSt = $pdo->prepare('SELECT * FROM journal_vouchers WHERE id = ? FOR UPDATE');"
"BY_ID","journal_vouchers","_compare_zip_old/orange - Copy/includes/gl_pending_movements.php","427","$pdo->prepare('DELETE FROM journal_vouchers WHERE id = ?')->execute([$vid]);"
"REF_KEY","journal_vouchers","_compare_zip_old/orange - Copy/includes/gl_pending_movements.php","638","$st = $pdo->prepare('SELECT 1 FROM journal_vouchers WHERE reference LIKE ? LIMIT 1');"
"REF_KEY","journal_vouchers","_compare_zip_old/orange - Copy/includes/journal_voucher.php","21","$st = $pdo->prepare('SELECT * FROM journal_vouchers WHERE reference = ? ORDER BY id DESC LIMIT 1');"
"BY_ID","journal_vouchers","_compare_zip_old/orange - Copy/includes/journal_voucher.php","61","$pdo->prepare('DELETE FROM journal_vouchers WHERE id = ?')->execute([(int) $v['id']]);"
"BY_ID","journal_vouchers","_compare_zip_old/orange - Copy/includes/journal_voucher.php","204","$pdo->prepare('DELETE FROM journal_vouchers WHERE id = ?')->execute([$vid]);"
"MED_REVIEW","journal_vouchers","_compare_zip_old/orange - Copy/includes/journal_voucher.php","268","INNER JOIN journal_vouchers jv ON jv.id = jl.voucher_id"
"REF_KEY","journal_vouchers","_compare_zip_old/orange - Copy/includes/order_fulfillment.php","333","$st = $pdo->prepare('SELECT 1 FROM journal_vouchers WHERE reference LIKE ? LIMIT 1');"
"MED_REVIEW","journal_vouchers","_compare_zip_old/orange - Copy/includes/party_subledger.php","132","INNER JOIN journal_vouchers jv ON jv.id = ps.voucher_id"
"MED_REVIEW","journal_vouchers","_compare_zip_old/orange - Copy/includes/party_subledger.php","181","INNER JOIN journal_vouchers jv ON jv.id = ps.voucher_id"
"IMPLICIT_FY","journal_vouchers","_compare_zip_old/orange - Copy/includes/year_end_close.php","24","$stChk = $pdo->prepare('SELECT id FROM journal_vouchers WHERE fiscal_year_id = ? AND entry_type = ? ..."
"BY_ID","journal_vouchers","admin/api/journal/manage.php","395","$st = $pdo->prepare('SELECT * FROM journal_vouchers WHERE id = ? LIMIT 1');"
"MED_REVIEW","journal_vouchers","admin/api/journal/manage.php","526","'SELECT id, fiscal_year_id, voucher_serial, journal_serial_bucket, entry_type FROM journal_vouchers ..."
"IMPLICIT_FY","journal_vouchers","admin/api/journal/manage.php","543","'SELECT COUNT(*) FROM journal_vouchers jv WHERE ' . $etFragJv . ' AND jv.fiscal_year_id = ? AND jv.j..."
"MED_REVIEW","journal_vouchers","admin/api/journal/manage.php","552","'SELECT jv.id FROM journal_vouchers jv WHERE ' . $etFragJv"
"MED_REVIEW","journal_vouchers","admin/api/journal/manage.php","559","'SELECT jv.id FROM journal_vouchers jv WHERE ' . $etFragJv"
"MED_REVIEW","journal_vouchers","admin/api/journal/manage.php","566","'SELECT jv.id FROM journal_vouchers jv WHERE ' . $etFragJv"
"MED_REVIEW","journal_vouchers","admin/api/journal/manage.php","576","'SELECT jv.id FROM journal_vouchers jv WHERE ' . $etFragJv"
"MED_REVIEW","journal_vouchers","admin/api/journal/manage.php","588","$cSt = $pdo->prepare('SELECT COUNT(*) FROM journal_vouchers WHERE ' . $etFrag);"
"MED_REVIEW","journal_vouchers","admin/api/journal/manage.php","595","$q = $pdo->prepare('SELECT COALESCE(MIN(id), 0) FROM journal_vouchers WHERE ' . $etFrag);"
"MED_REVIEW","journal_vouchers","admin/api/journal/manage.php","599","$q = $pdo->prepare('SELECT COALESCE(MAX(id), 0) FROM journal_vouchers WHERE ' . $etFrag);"
"MED_REVIEW","journal_vouchers","admin/api/journal/manage.php","604","$q = $pdo->prepare('SELECT COALESCE(MAX(id), 0) FROM journal_vouchers WHERE ' . $etFrag);"
"MED_REVIEW","journal_vouchers","admin/api/journal/manage.php","608","$q = $pdo->prepare('SELECT id FROM journal_vouchers WHERE ' . $etFrag . ' AND id < ? ORDER BY id DES..."
"MED_REVIEW","journal_vouchers","admin/api/journal/manage.php","615","$q = $pdo->prepare('SELECT COALESCE(MIN(id), 0) FROM journal_vouchers WHERE ' . $etFrag);"
"MED_REVIEW","journal_vouchers","admin/api/journal/manage.php","619","$q = $pdo->prepare('SELECT id FROM journal_vouchers WHERE ' . $etFrag . ' AND id > ? ORDER BY id ASC..."
"MED_REVIEW","journal_vouchers","admin/api/journal/manage.php","733","FROM journal_vouchers jv"
"BY_ID","journal_vouchers","admin/api/journal/manage.php","766","$stmt = $pdo->prepare('SELECT * FROM journal_vouchers WHERE id = ? LIMIT 1');"
"BY_ID","journal_vouchers","admin/api/journal/manage.php","850","$pdo->prepare('DELETE FROM journal_vouchers WHERE id = ?')->execute([$id]);"
"IMPLICIT_FY","journal_vouchers","admin/api/opening_balances/delete.php","36","$ex = $pdo->prepare('SELECT id FROM journal_vouchers WHERE fiscal_year_id = ? AND entry_type = ?');"
"BY_ID","journal_vouchers","admin/api/opening_balances/delete.php","40","$pdo->prepare('DELETE FROM journal_vouchers WHERE id = ?')->execute([(int) $oldId]);"
"IMPLICIT_FY","journal_vouchers","admin/api/opening_balances/save.php","76","$ex = $pdo->prepare('SELECT id FROM journal_vouchers WHERE fiscal_year_id = ? AND entry_type = ?');"
"BY_ID","journal_vouchers","admin/api/opening_balances/save.php","79","$pdo->prepare('DELETE FROM journal_vouchers WHERE id = ?')->execute([(int)$oldId]);"
"MED_REVIEW","journal_vouchers","admin/api/partners/customer-receipt-list.php","21","""SELECT jv.id FROM journal_vouchers jv WHERE jv.entry_type = 'customer_receipt'"""
"MED_REVIEW","journal_vouchers","admin/api/partners/customer-receipt-search.php","53","FROM journal_vouchers v"
"BY_ID","journal_vouchers","admin/api/partners/supplier-payment-delete.php","24","""SELECT id FROM journal_vouchers WHERE id = ? AND entry_type = 'supplier_payment' LIMIT 1"""
"BY_ID","journal_vouchers","admin/api/partners/supplier-payment-delete.php","39","$pdo->prepare('DELETE FROM journal_vouchers WHERE id = ?')->execute([$voucherId]);"
"MED_REVIEW","journal_vouchers","admin/api/partners/supplier-payment-list.php","21","""SELECT jv.id FROM journal_vouchers jv WHERE jv.entry_type = 'supplier_payment'"""
"BY_ID","journal_vouchers","admin/api/partners/supplier-payment-load.php","23","'SELECT id, voucher_date, reference, description, entry_type FROM journal_vouchers WHERE id = ? AND ..."
"MED_REVIEW","journal_vouchers","admin/api/partners/supplier-payment-search.php","53","FROM journal_vouchers v"
"MED_REVIEW","journal_vouchers","admin/pages/financial_report.php","95","INNER JOIN journal_vouchers jv ON jv.id = jl.voucher_id"
"SCOPED_EXPLICIT","journal_vouchers","admin/pages/journal_voucher_reports.php","42","$sqlDist = 'SELECT DISTINCT jv.entry_type FROM journal_vouchers jv WHERE 1=1' . $jvCountryBindDist['..."
"MED_REVIEW","journal_vouchers","admin/pages/journal_voucher_reports.php","86","$sql = 'SELECT * FROM journal_vouchers jv"
"IMPLICIT_FY","journal_vouchers","admin/pages/opening_balances.php","113","'SELECT id FROM journal_vouchers WHERE fiscal_year_id = ? AND entry_type = ? ORDER BY id DESC LIMIT ..."
"MED_REVIEW","journal_vouchers","admin/pages/opening_balances.php","119","'SELECT voucher_date, reference, description, document_entered_at, created_at FROM journal_vouchers ..."
"MED_REVIEW","journal_vouchers","admin/pages/partner_account_statement.php","218","INNER JOIN journal_vouchers jv ON jv.id = ps.voucher_id"
"MED_REVIEW","journal_vouchers","admin/pages/partner_account_statement.php","233","INNER JOIN journal_vouchers jv ON jv.id = ps.voucher_id"
"MED_REVIEW","journal_vouchers","admin/pages/partner_account_statement.php","264","INNER JOIN journal_vouchers jv ON jv.id = jl.voucher_id"
"MED_REVIEW","journal_vouchers","admin/pages/partner_account_statement.php","279","INNER JOIN journal_vouchers jv ON jv.id = jl.voucher_id"
"MED_REVIEW","journal_vouchers","admin/pages/report_gl_account_monthly.php","137","INNER JOIN journal_vouchers jv ON jv.id = jl.voucher_id"
"MED_REVIEW","journal_vouchers","admin/pages/report_gl_account_monthly.php","156","INNER JOIN journal_vouchers jv ON jv.id = jl.voucher_id"
"MED_REVIEW","journal_vouchers","admin/pages/report_pl_monthly.php","211","INNER JOIN journal_vouchers jv ON jv.id = jl.voucher_id"
"MED_REVIEW","journal_vouchers","includes/financial_report_breakdown.php","46","INNER JOIN journal_vouchers jv ON jv.id = ps.voucher_id"
"MED_REVIEW","journal_vouchers","includes/financial_report_breakdown.php","90","INNER JOIN journal_vouchers jv ON jv.id = ps.voucher_id"
"MED_REVIEW","journal_vouchers","includes/financial_report_breakdown.php","130","FROM journal_vouchers jv"
"MED_REVIEW","journal_vouchers","includes/financial_report_breakdown.php","174","INNER JOIN journal_vouchers jv ON jv.id = jl.voucher_id"
"IMPLICIT_FY","journal_vouchers","includes/fiscal_years.php","175","$st = $pdo->prepare('SELECT 1 FROM journal_vouchers WHERE fiscal_year_id = ? LIMIT 1');"
"MED_REVIEW","journal_vouchers","includes/gl_account_aging.php","106","INNER JOIN journal_vouchers jv ON jv.id = jl.voucher_id"
"MED_REVIEW","journal_vouchers","includes/gl_account_aging.php","116","INNER JOIN journal_vouchers jv ON jv.id = jl.voucher_id"
"BY_ID","journal_vouchers","includes/gl_pending_movements.php","606","$vSt = $pdo->prepare('SELECT * FROM journal_vouchers WHERE id = ? FOR UPDATE');"
"BY_ID","journal_vouchers","includes/gl_pending_movements.php","629","$pdo->prepare('DELETE FROM journal_vouchers WHERE id = ?')->execute([$vid]);"
"REF_KEY","journal_vouchers","includes/gl_pending_movements.php","841","$st = $pdo->prepare('SELECT 1 FROM journal_vouchers WHERE reference LIKE ? LIMIT 1');"
"MED_REVIEW","journal_vouchers","includes/journal_voucher.php","42","$sql = 'SELECT COALESCE(MAX(jv.id), 0) + 1 FROM journal_vouchers jv WHERE 1=1' . $bind['sql'];"
"BY_ID","journal_vouchers","includes/journal_voucher.php","92","$st = $pdo->prepare('SELECT country_id FROM journal_vouchers WHERE id = ? LIMIT 1');"
"REF_KEY","journal_vouchers","includes/journal_voucher.php","108","$st = $pdo->prepare('SELECT * FROM journal_vouchers WHERE reference = ? ORDER BY id DESC LIMIT 1');"
"BY_ID","journal_vouchers","includes/journal_voucher.php","148","$pdo->prepare('DELETE FROM journal_vouchers WHERE id = ?')->execute([(int) $v['id']]);"
"REF_KEY","journal_vouchers","includes/journal_voucher.php","200","'SELECT reference FROM journal_vouchers WHERE reference LIKE ? ORDER BY id ASC'"
"IMPLICIT_FY","journal_vouchers","includes/journal_voucher.php","322","'SELECT COALESCE(MAX(voucher_serial), 0) + 1 FROM journal_vouchers WHERE fiscal_year_id = ? AND jour..."
"MED_REVIEW","journal_vouchers","includes/journal_voucher.php","343","'SELECT COUNT(*) FROM journal_vouchers WHERE voucher_serial <= 0 OR TRIM(COALESCE(journal_serial_buc..."
"MED_REVIEW","journal_vouchers","includes/journal_voucher.php","351",". ' FROM journal_vouchers WHERE voucher_serial <= 0 OR TRIM(COALESCE(journal_serial_bucket,\'\')) = ..."
"BY_ID","journal_vouchers","includes/journal_voucher.php","580","$pdo->prepare('DELETE FROM journal_vouchers WHERE id = ?')->execute([$vid]);"
"BY_ID","journal_vouchers","includes/journal_voucher.php","657","$ex = $pdo->prepare('SELECT id FROM journal_vouchers WHERE id = ? LIMIT 1');"
"MED_REVIEW","journal_vouchers","includes/journal_voucher.php","771","INNER JOIN journal_vouchers jv ON jv.id = jl.voucher_id"
"MED_REVIEW","journal_vouchers","includes/journal_voucher.php","824","INNER JOIN journal_vouchers jv ON jv.id = jl.voucher_id"
"MED_REVIEW","journal_vouchers","includes/journal_voucher.php","873","INNER JOIN journal_vouchers jv ON jv.id = jl.voucher_id"
"REF_KEY","journal_vouchers","includes/order_fulfillment.php","487","$st = $pdo->prepare('SELECT 1 FROM journal_vouchers WHERE reference LIKE ? LIMIT 1');"
"MED_REVIEW","journal_vouchers","includes/party_subledger.php","192","INNER JOIN journal_vouchers jv ON jv.id = ps.voucher_id"
"MED_REVIEW","journal_vouchers","includes/party_subledger.php","241","INNER JOIN journal_vouchers jv ON jv.id = ps.voucher_id"
"REF_KEY","journal_vouchers","includes/year_end_close.php","30","$stChk = $pdo->prepare('SELECT id FROM journal_vouchers WHERE reference IN (?,?,?,?) LIMIT 1');"
"IMPLICIT_FY","journal_vouchers","includes/year_end_close.php","222","'SELECT id FROM journal_vouchers WHERE reference IN (?,?,?,?) OR (fiscal_year_id = ? AND entry_type ..."
"MED_REVIEW","journal_vouchers","includes/year_end_close.php","238","$pdo->prepare(""DELETE FROM journal_vouchers WHERE id IN ($delPh)"")->execute($ids);"
"MED_REVIEW","journal_vouchers","scripts/maintenance_empty_accounts_reset_autoincrement.sql","23","DELETE FROM journal_vouchers;"
