"Risk","Note","Table","File","Line","Snippet"
"OK","Single-row lookup by primary key","accounts","admin/api/accounts/delete-node.php","24","$st = $pdo->prepare('SELECT id, name, code, parent_id FROM accounts WHERE id = ? LIMIT 1');"
"OK","Single-row lookup by primary key","accounts","admin/api/accounts/delete-node.php","47","$pdo->prepare('DELETE FROM accounts WHERE id = ?')->execute([$id]);"
"OK","Scoped in same file (country filter / fetch wrapper / PK dup check)","accounts","admin/api/accounts/lookup-by-code.php","34","$sql = 'SELECT a.id, a.name, a.code FROM accounts a WHERE a.code = ? AND ' . orange_accounts_po..."
"OK","Single-row lookup by primary key","accounts","admin/api/accounts/save-node.php","64","$chk = $pdo->prepare('SELECT id FROM accounts WHERE id = ? LIMIT 1');"
"OK","Scoped in same file (country filter / fetch wrapper / PK dup check)","accounts","admin/api/accounts/save-node.php","101","$dup = $pdo->prepare('SELECT id FROM accounts WHERE code = ? AND country_id = ? LIMIT 1');"
"OK","Scoped in same file (country filter / fetch wrapper / PK dup check)","accounts","admin/api/accounts/save-node.php","104","$dup = $pdo->prepare('SELECT id FROM accounts WHERE code = ? LIMIT 1');"
"OK","Single-row lookup by primary key","accounts","admin/api/accounts/save-node.php","155","$exSt = $pdo->prepare('SELECT code FROM accounts WHERE id = ? LIMIT 1');"
"OK","Scoped in same file (country filter / fetch wrapper / PK dup check)","accounts","admin/api/accounts/save-node.php","176","$dup = $pdo->prepare('SELECT id FROM accounts WHERE code = ? AND country_id = ? AND id <> ? LIM..."
"OK","Scoped in same file (country filter / fetch wrapper / PK dup check)","accounts","admin/api/accounts/save-node.php","179","$dup = $pdo->prepare('SELECT id FROM accounts WHERE code = ? AND id <> ? LIMIT 1');"
"OK","Scoped in same file (country filter / fetch wrapper / PK dup check)","accounts","admin/api/accounts/save-root-setup.php","44","$dup = $pdo->prepare('SELECT id FROM accounts WHERE code = ? AND country_id = ? LIMIT 1');"
"OK","Scoped in same file (country filter / fetch wrapper / PK dup check)","accounts","admin/api/accounts/save-root-setup.php","47","$dup = $pdo->prepare('SELECT id FROM accounts WHERE code = ? LIMIT 1');"
"OK","Single-row lookup by primary key","accounts","admin/api/accounts/save-root-setup.php","84","$exSt = $pdo->prepare('SELECT id, code, parent_id FROM accounts WHERE id = ? LIMIT 1');"
"OK","Scoped in same file (country filter / fetch wrapper / PK dup check)","accounts","admin/api/accounts/save-root-setup.php","109","$dup = $pdo->prepare('SELECT id FROM accounts WHERE code = ? AND country_id = ? AND id <> ? LIM..."
"OK","Scoped in same file (country filter / fetch wrapper / PK dup check)","accounts","admin/api/accounts/save-root-setup.php","112","$dup = $pdo->prepare('SELECT id FROM accounts WHERE code = ? AND id <> ? LIMIT 1');"
"OK","Scoped in same file (country filter / fetch wrapper / PK dup check)","accounts","admin/api/accounts/search-leaves.php","33","$conditions[] = 'EXISTS (SELECT 1 FROM accounts ch WHERE ch.parent_id = a.id)';"
"OK","Scoped in same file (country filter / fetch wrapper / PK dup check)","accounts","admin/api/accounts/search-leaves.php","39","$sql = 'SELECT a.id, a.code, a.name FROM accounts a WHERE ' . $where;"
"OK","Scoped in same file (country filter / fetch wrapper / PK dup check)","accounts","admin/api/accounts/search-leaves.php","80","$sql = 'SELECT ' . $cols . ' FROM accounts a WHERE 1=1';"
"OK","Scoped in same file (country filter / fetch wrapper / PK dup check)","accounts","admin/api/accounts/search-leaves.php","131","$sql = 'SELECT ' . $cols . ' FROM accounts a WHERE ' . $leafWhere;"
"OK","Single-row lookup by primary key","accounts","admin/api/accounts/suggest-code.php","21","$chk = $pdo->prepare('SELECT id FROM accounts WHERE id = ? LIMIT 1');"
"OK","File uses orange_gl_voucher_country_bind or equivalent in same action block","accounts","admin/api/journal/manage.php","163","$chk = $pdo->prepare('SELECT is_group FROM accounts WHERE id = ? LIMIT 1');"
"OK","File uses orange_gl_voucher_country_bind or equivalent in same action block","accounts","admin/api/journal/manage.php","321","$chk = $pdo->prepare('SELECT is_group FROM accounts WHERE id = ? LIMIT 1');"
"OK","File uses orange_gl_voucher_country_bind or equivalent in same action block","journal_vouchers","admin/api/journal/manage.php","395","$st = $pdo->prepare('SELECT * FROM journal_vouchers WHERE id = ? LIMIT 1');"
"OK","File uses orange_gl_voucher_country_bind or equivalent in same action block","accounts","admin/api/journal/manage.php","430","INNER JOIN accounts a ON a.id = jl.account_id"
"OK","File uses orange_gl_voucher_country_bind or equivalent in same action block","journal_vouchers","admin/api/journal/manage.php","526","'SELECT id, fiscal_year_id, voucher_serial, journal_serial_bucket, entry_type FROM journal_vouc..."
"OK","File uses orange_gl_voucher_country_bind or equivalent in same action block","journal_vouchers","admin/api/journal/manage.php","543","'SELECT COUNT(*) FROM journal_vouchers jv WHERE ' . $etFragJv . ' AND jv.fiscal_year_id = ? AND..."
"OK","File uses orange_gl_voucher_country_bind or equivalent in same action block","journal_vouchers","admin/api/journal/manage.php","552","'SELECT jv.id FROM journal_vouchers jv WHERE ' . $etFragJv"
"OK","File uses orange_gl_voucher_country_bind or equivalent in same action block","journal_vouchers","admin/api/journal/manage.php","559","'SELECT jv.id FROM journal_vouchers jv WHERE ' . $etFragJv"
"OK","File uses orange_gl_voucher_country_bind or equivalent in same action block","journal_vouchers","admin/api/journal/manage.php","566","'SELECT jv.id FROM journal_vouchers jv WHERE ' . $etFragJv"
"OK","File uses orange_gl_voucher_country_bind or equivalent in same action block","journal_vouchers","admin/api/journal/manage.php","576","'SELECT jv.id FROM journal_vouchers jv WHERE ' . $etFragJv"
"OK","File uses orange_gl_voucher_country_bind or equivalent in same action block","journal_vouchers","admin/api/journal/manage.php","588","$cSt = $pdo->prepare('SELECT COUNT(*) FROM journal_vouchers WHERE ' . $etFrag);"
"OK","File uses orange_gl_voucher_country_bind or equivalent in same action block","journal_vouchers","admin/api/journal/manage.php","595","$q = $pdo->prepare('SELECT COALESCE(MIN(id), 0) FROM journal_vouchers WHERE ' . $etFrag);"
"OK","File uses orange_gl_voucher_country_bind or equivalent in same action block","journal_vouchers","admin/api/journal/manage.php","599","$q = $pdo->prepare('SELECT COALESCE(MAX(id), 0) FROM journal_vouchers WHERE ' . $etFrag);"
"OK","File uses orange_gl_voucher_country_bind or equivalent in same action block","journal_vouchers","admin/api/journal/manage.php","604","$q = $pdo->prepare('SELECT COALESCE(MAX(id), 0) FROM journal_vouchers WHERE ' . $etFrag);"
"OK","File uses orange_gl_voucher_country_bind or equivalent in same action block","journal_vouchers","admin/api/journal/manage.php","608","$q = $pdo->prepare('SELECT id FROM journal_vouchers WHERE ' . $etFrag . ' AND id < ? ORDER BY i..."
"OK","File uses orange_gl_voucher_country_bind or equivalent in same action block","journal_vouchers","admin/api/journal/manage.php","615","$q = $pdo->prepare('SELECT COALESCE(MIN(id), 0) FROM journal_vouchers WHERE ' . $etFrag);"
"OK","File uses orange_gl_voucher_country_bind or equivalent in same action block","journal_vouchers","admin/api/journal/manage.php","619","$q = $pdo->prepare('SELECT id FROM journal_vouchers WHERE ' . $etFrag . ' AND id > ? ORDER BY i..."
"OK","File uses orange_gl_voucher_country_bind or equivalent in same action block","journal_vouchers","admin/api/journal/manage.php","733","FROM journal_vouchers jv"
"OK","File uses orange_gl_voucher_country_bind or equivalent in same action block","journal_vouchers","admin/api/journal/manage.php","766","$stmt = $pdo->prepare('SELECT * FROM journal_vouchers WHERE id = ? LIMIT 1');"
"OK","File uses orange_gl_voucher_country_bind or equivalent in same action block","journal_vouchers","admin/api/journal/manage.php","850","$pdo->prepare('DELETE FROM journal_vouchers WHERE id = ?')->execute([$id]);"
"OK","FY from orange_fiscal_require_open_for_posting(ctxCountryId)","journal_vouchers","admin/api/opening_balances/delete.php","36","$ex = $pdo->prepare('SELECT id FROM journal_vouchers WHERE fiscal_year_id = ? AND entry_type = ..."
"OK","Load voucher lines by PK after FY-scoped find","journal_vouchers","admin/api/opening_balances/delete.php","40","$pdo->prepare('DELETE FROM journal_vouchers WHERE id = ?')->execute([(int) $oldId]);"
"OK","FY from orange_fiscal_require_open_for_posting(ctxCountryId)","journal_vouchers","admin/api/opening_balances/save.php","76","$ex = $pdo->prepare('SELECT id FROM journal_vouchers WHERE fiscal_year_id = ? AND entry_type = ..."
"OK","Load voucher lines by PK after FY-scoped find","journal_vouchers","admin/api/opening_balances/save.php","79","$pdo->prepare('DELETE FROM journal_vouchers WHERE id = ?')->execute([(int)$oldId]);"
"OK","File uses orange_gl_voucher_country_bind or equivalent in same action block","journal_vouchers","admin/api/partners/customer-receipt-list.php","21","""SELECT jv.id FROM journal_vouchers jv WHERE jv.entry_type = 'customer_receipt'"""
"OK","File uses orange_gl_voucher_country_bind or equivalent in same action block","journal_vouchers","admin/api/partners/customer-receipt-search.php","53","FROM journal_vouchers v"
"OK","Single-row lookup by primary key","journal_vouchers","admin/api/partners/supplier-payment-delete.php","24","""SELECT id FROM journal_vouchers WHERE id = ? AND entry_type = 'supplier_payment' LIMIT 1"""
"OK","Single-row lookup by primary key","journal_vouchers","admin/api/partners/supplier-payment-delete.php","39","$pdo->prepare('DELETE FROM journal_vouchers WHERE id = ?')->execute([$voucherId]);"
"OK","File uses orange_gl_voucher_country_bind or equivalent in same action block","journal_vouchers","admin/api/partners/supplier-payment-list.php","21","""SELECT jv.id FROM journal_vouchers jv WHERE jv.entry_type = 'supplier_payment'"""
"OK","Single-row lookup by primary key","journal_vouchers","admin/api/partners/supplier-payment-load.php","23","'SELECT id, voucher_date, reference, description, entry_type FROM journal_vouchers WHERE id = ?..."
"OK","File uses orange_gl_voucher_country_bind or equivalent in same action block","journal_vouchers","admin/api/partners/supplier-payment-search.php","53","FROM journal_vouchers v"
"OK","List scoped via orange_accounts_sql_country_filter","accounts","admin/api/settings/gl-accounts.php","28","'SELECT id, name, code FROM accounts WHERE 1=1' . $acctFilter['sql']"
"LOW","Legacy branch when no country_id column — pre-v52 only","accounts","admin/api/settings/gl-accounts.php","35","'SELECT id, name, code FROM accounts ORDER BY COALESCE(code, \'\') ASC, name ASC'"
"OK","Validate account on save","accounts","admin/api/settings/gl-accounts.php","135","$chk = $pdo->prepare('SELECT id FROM accounts WHERE id = ? LIMIT 1');"
"OK","Scoped in same file (country filter / fetch wrapper / PK dup check)","accounts","admin/api/settings/gl-accounts.php","149","$chkHasChildren = $pdo->prepare('SELECT 1 FROM accounts WHERE parent_id = ? LIMIT 1');"
"OK","Single-row lookup by primary key","accounts","admin/api/suppliers/print-card.php","47","$accSt = $pdo->prepare('SELECT code, name FROM accounts WHERE id = ? LIMIT 1');"
"OK","Scoped in same file (country filter / fetch wrapper / PK dup check)","accounts","admin/pages/accounting_reports_index.php","22","$acctIdxSql = ""SELECT COUNT(*) FROM accounts a WHERE $acctIdxLw"";"
"OK","File uses orange_gl_voucher_country_bind or equivalent in same action block","accounts","admin/pages/financial_report.php","35","$acctSql = 'SELECT id, name, code FROM accounts WHERE 1=1';"
"OK","File uses orange_gl_voucher_country_bind or equivalent in same action block","accounts","admin/pages/financial_report.php","61","$frCountSql = ""SELECT COUNT(*) FROM accounts a WHERE $frPostingLeafWhere"";"
"OK","File uses orange_gl_voucher_country_bind or equivalent in same action block","journal_vouchers","admin/pages/financial_report.php","95","INNER JOIN journal_vouchers jv ON jv.id = jl.voucher_id"
"OK","Single-row lookup by primary key","accounts","admin/pages/fiscal_years.php","34","$st = $pdoConn->prepare('SELECT code, name FROM accounts WHERE id = ? LIMIT 1');"
"OK","Scoped in same file (country filter / fetch wrapper / PK dup check)","accounts","admin/pages/gl_account_settings.php","37","'SELECT a.id, a.name, a.code FROM accounts a WHERE 1=1',"
"OK","Scoped in same file (country filter / fetch wrapper / PK dup check)","accounts","admin/pages/gl_posting.php","23","$glCountSql = ""SELECT COUNT(*) FROM accounts a WHERE $glPlw"";"
"OK","File uses orange_gl_voucher_country_bind or equivalent in same action block","journal_vouchers","admin/pages/journal_voucher_reports.php","42","$sqlDist = 'SELECT DISTINCT jv.entry_type FROM journal_vouchers jv WHERE 1=1' . $jvCountryBindD..."
"OK","File uses orange_gl_voucher_country_bind or equivalent in same action block","accounts","admin/pages/journal_voucher_reports.php","77","'SELECT ' . $accCols . ' FROM accounts a WHERE 1=1 ORDER BY COALESCE(a.code, \'\'), a.name',"
"OK","File uses orange_gl_voucher_country_bind or equivalent in same action block","journal_vouchers","admin/pages/journal_voucher_reports.php","86","$sql = 'SELECT * FROM journal_vouchers jv"
"OK","Single-row lookup by primary key","accounts","admin/pages/journal_voucher_screen.php","27","$stCash = $pdo->prepare('SELECT id, code, name FROM accounts WHERE id = ? LIMIT 1');"
"OK","FY from orange_fiscal_require_open_for_posting(ctxCountryId)","journal_vouchers","admin/pages/opening_balances.php","113","'SELECT id FROM journal_vouchers WHERE fiscal_year_id = ? AND entry_type = ? ORDER BY id DESC L..."
"OK","Scoped in same file (country filter / fetch wrapper / PK dup check)","journal_vouchers","admin/pages/opening_balances.php","119","'SELECT voucher_date, reference, description, document_entered_at, created_at FROM journal_vouc..."
"OK","Display join on known voucher_id","accounts","admin/pages/opening_balances.php","140","INNER JOIN accounts a ON a.id = jl.account_id"
"OK","Account list uses orange_accounts_sql_country_filter / fetch","accounts","admin/pages/partner_account_statement.php","93","$pasAcctSql = ""SELECT a.id, a.name, a.code FROM accounts a WHERE $leafWhere"";"
"LOW","Party statement JOIN — filtered by party_id; party rows are country-scoped; optional hardening: add jv.country_id bind","journal_vouchers","admin/pages/partner_account_statement.php","218","INNER JOIN journal_vouchers jv ON jv.id = ps.voucher_id"
"LOW","Party statement JOIN — filtered by party_id; party rows are country-scoped; optional hardening: add jv.country_id bind","journal_vouchers","admin/pages/partner_account_statement.php","233","INNER JOIN journal_vouchers jv ON jv.id = ps.voucher_id"
"LOW","Party statement JOIN — filtered by party_id; party rows are country-scoped; optional hardening: add jv.country_id bind","journal_vouchers","admin/pages/partner_account_statement.php","264","INNER JOIN journal_vouchers jv ON jv.id = jl.voucher_id"
"LOW","Party statement JOIN — filtered by party_id; party rows are country-scoped; optional hardening: add jv.country_id bind","journal_vouchers","admin/pages/partner_account_statement.php","279","INNER JOIN journal_vouchers jv ON jv.id = jl.voucher_id"
"OK","GL mapping lookup by known account id from settings","accounts","admin/pages/partner_party_voucher_ui.php","39","$stCash = $pdo->prepare('SELECT id, code, name FROM accounts WHERE id = ? LIMIT 1');"
"OK","GL mapping lookup by known account id from settings","accounts","admin/pages/partner_party_voucher_ui.php","55","$st = $pdo->prepare('SELECT id, code, name FROM accounts WHERE id = ? LIMIT 1');"
"OK","GL mapping lookup by known account id from settings","accounts","admin/pages/partner_party_voucher_ui.php","84","$st = $pdo->prepare('SELECT id, code, name FROM accounts WHERE id = ? LIMIT 1');"
"OK","Validate leaf accounts in mapped set","accounts","admin/pages/partner_party_voucher_ui.php","110","$chSt = $pdo->prepare(""SELECT id FROM accounts WHERE parent_id IN ($ph) AND id NOT IN ($ph)"");"
"OK","Scoped in same file (country filter / fetch wrapper / PK dup check)","accounts","admin/pages/partner_party_voucher_ui.php","175","$ppvCountSql = ""SELECT COUNT(*) FROM accounts a WHERE $ppvLw"";"
"OK","Scoped in same file (country filter / fetch wrapper / PK dup check)","accounts","admin/pages/partner_reports.php","27","$prPostingLeafCt = (int) $pdo->query(""SELECT COUNT(*) FROM accounts a WHERE $prLeafWhere"")->fet..."
"OK","GL mapping lookup by known account id from settings","accounts","admin/pages/partner_supplier_payment.php","29","$stCash = $pdo->prepare('SELECT id, code, name FROM accounts WHERE id = ? LIMIT 1');"
"OK","GL mapping lookup by known account id from settings","accounts","admin/pages/partner_supplier_payment.php","51","$st = $pdo->prepare('SELECT id, code, name FROM accounts WHERE id = ? LIMIT 1');"
"OK","Validate leaf accounts in mapped set","accounts","admin/pages/partner_supplier_payment.php","73","$chSt = $pdo->prepare(""SELECT id FROM accounts WHERE parent_id IN ($ph) AND id NOT IN ($ph)"");"
"OK","GL mapping lookup by known account id from settings","accounts","admin/pages/purchases.php","66","$st = $pdo->prepare('SELECT id, code, name FROM accounts WHERE id = ? LIMIT 1');"
"OK","Validate leaf accounts in mapped set","accounts","admin/pages/purchases.php","88","$chSt = $pdo->prepare(""SELECT id FROM accounts WHERE parent_id IN ($ph) AND id NOT IN ($ph)"");"
"OK","Scoped in same file (country filter / fetch wrapper / PK dup check)","accounts","admin/pages/purchases.php","134","$pv2AcctSql = 'SELECT id, code, name FROM accounts WHERE 1=1';"
"OK","GL mapping lookup by known account id from settings","accounts","admin/pages/purchase_returns.php","76","$st = $pdo->prepare('SELECT id, code, name FROM accounts WHERE id = ? LIMIT 1');"
"OK","Validate leaf accounts in mapped set","accounts","admin/pages/purchase_returns.php","101","$chSt = $pdo->prepare(""SELECT id FROM accounts WHERE parent_id IN ($ph) AND id NOT IN ($ph)"");"
"OK","GAP-09 scoped preview / account filter","accounts","admin/pages/purchase_returns.php","160","foreach (orange_accounts_fetch($pdo, 'SELECT a.id, a.code, a.name FROM accounts a WHERE 1=1 ORD..."
"OK","Scoped account list for report","accounts","admin/pages/report_gl_account_monthly.php","21","""SELECT a.id, a.name, a.code FROM accounts a WHERE $leafWhere ORDER BY COALESCE(a.code, ''), a...."
"OK","Single account metadata by PK from scoped selection","accounts","admin/pages/report_gl_account_monthly.php","42","$stOne = $pdo->prepare('SELECT code, name FROM accounts WHERE id = ? LIMIT 1');"
"LOW","Report JOIN by account_id from scoped orange_accounts_fetch list","journal_vouchers","admin/pages/report_gl_account_monthly.php","137","INNER JOIN journal_vouchers jv ON jv.id = jl.voucher_id"
"LOW","Report JOIN by account_id from scoped orange_accounts_fetch list","journal_vouchers","admin/pages/report_gl_account_monthly.php","156","INNER JOIN journal_vouchers jv ON jv.id = jl.voucher_id"
"OK","Scoped account list for report","accounts","admin/pages/report_pl_compare_years.php","20","$accounts = orange_accounts_fetch($pdo, 'SELECT a.id FROM accounts a WHERE 1=1 ORDER BY COALESC..."
"OK","Scoped account list for report","accounts","admin/pages/report_pl_monthly.php","133","""SELECT a.id, a.name, a.code FROM accounts a WHERE $leafWhere ORDER BY COALESCE(a.code, ''), a...."
"LOW","Report JOIN by account_id from scoped orange_accounts_fetch list","journal_vouchers","admin/pages/report_pl_monthly.php","211","INNER JOIN journal_vouchers jv ON jv.id = jl.voucher_id"
"OK","Scoped account list for report","accounts","admin/pages/report_trial_balance.php","96","$tbAcctSql = ""SELECT a.id, a.name, a.code FROM accounts a WHERE $leafWhere"";"
"OK","Scoped in same file (country filter / fetch wrapper / PK dup check)","accounts","admin/pages/suppliers.php","34","'SELECT id FROM accounts WHERE parent_id IN (' . $apPh . ') AND id NOT IN (' . $apPh . ')'"
"OK","Scoped in same file (country filter / fetch wrapper / PK dup check)","accounts","admin/pages/suppliers.php","49","$acctSql = 'SELECT a.id, a.code, a.name FROM accounts a WHERE a.id IN (' . $apPh . ') AND (' . ..."
"OK","Scoped in same file (country filter / fetch wrapper / PK dup check)","accounts","admin/pages/suppliers.php","52","$acctSql = 'SELECT a.id, a.code, a.name FROM accounts a WHERE ' . $lw;"
"OK","Scoped in same file (country filter / fetch wrapper / PK dup check)","accounts","includes/accounting_report_mapping.php","52","$st = $pdo->prepare('SELECT ' . $cols . ' FROM accounts a' . $join . ' WHERE a.id IN (' . $ph ...."
"OK","Tree node by PK — UI/API validates country on save","accounts","includes/account_tree.php","33","$st = $pdo->prepare('SELECT parent_id FROM accounts WHERE id = ? LIMIT 1');"
"OK","Tree node by PK — UI/API validates country on save","accounts","includes/account_tree.php","111","$st = $pdo->prepare('SELECT code FROM accounts WHERE id = ? LIMIT 1');"
"OK","Tree node by PK — UI/API validates country on save","accounts","includes/account_tree.php","141","$st = $pdo->prepare('SELECT code FROM accounts WHERE id = ? LIMIT 1');"
"OK","Tree node by PK — UI/API validates country on save","accounts","includes/account_tree.php","236","$st = $pdo->prepare('SELECT ' . $sel . ' FROM accounts WHERE id = ? LIMIT 1');"
"OK","Scoped in same file (country filter / fetch wrapper / PK dup check)","accounts","includes/account_tree.php","459","$sql = ""SELECT COUNT(*) FROM accounts a WHERE $lw"";"
"OK","Tree node by PK — UI/API validates country on save","accounts","includes/account_tree.php","517","$st = $pdo->prepare('SELECT parent_id FROM accounts WHERE id = ? LIMIT 1');"
"OK","Tree node by PK — UI/API validates country on save","accounts","includes/account_tree.php","544","$st = $pdo->prepare('SELECT parent_id FROM accounts WHERE id = ? LIMIT 1');"
"OK","Scoped in same file (country filter / fetch wrapper / PK dup check)","accounts","includes/account_tree.php","592","$parts[] = ""NOT EXISTS (SELECT 1 FROM accounts ch WHERE ch.parent_id = {$alias}.id)"";"
"LOW","Tree structure helper — parent/child IDs are country-specific rows in practice","accounts","includes/account_tree.php","626","$pq = $pdo->query('SELECT DISTINCT parent_id FROM accounts WHERE COALESCE(parent_id, 0) > 0');"
"OK","Scoped in same file (country filter / fetch wrapper / PK dup check)","accounts","includes/account_tree.php","682","$sql = 'SELECT a.id, a.code FROM accounts a WHERE a.id IN (' . $ph . ') AND ' . orange_accounts..."
"OK","Scoped in same file (country filter / fetch wrapper / PK dup check)","accounts","includes/account_tree.php","709","$sql = 'SELECT a.code FROM accounts a WHERE a.id = ? AND ' . orange_accounts_posting_leaf_where..."
"LOW","Tree structure helper — parent/child IDs are country-specific rows in practice","accounts","includes/account_tree.php","734","$rootSql = ""SELECT code FROM accounts WHERE (parent_id IS NULL OR parent_id = 0)"
"OK","Tree node by PK — UI/API validates country on save","accounts","includes/account_tree.php","759","$pst = $pdo->prepare('SELECT code FROM accounts WHERE id = ? LIMIT 1');"
"OK","Tree node by PK — UI/API validates country on save","accounts","includes/account_tree.php","770","'SELECT code FROM accounts WHERE parent_id = ? AND code IS NOT NULL AND code <> \'\''"
"OK","Tree node by PK — UI/API validates country on save","accounts","includes/account_tree.php","876","$ch = $pdo->prepare('SELECT COUNT(*) FROM accounts WHERE parent_id = ?');"
"LOW","Tree structure helper — parent/child IDs are country-specific rows in practice","accounts","includes/account_tree.php","935","$sql = 'SELECT ' . $cols . ' FROM accounts WHERE (parent_id IS NULL OR parent_id = 0)';"
"LOW","Seed/migration COUNT — runs once at schema bootstrap","accounts","includes/catalog_schema.php","504","$cnt = (int) $pdo->query('SELECT COUNT(*) FROM accounts')->fetchColumn();"
"LOW","Seed/migration COUNT — runs once at schema bootstrap","accounts","includes/catalog_schema.php","542","$cnt2 = (int) $pdo->query('SELECT COUNT(*) FROM accounts')->fetchColumn();"
"OK","Single-row lookup by primary key","accounts","includes/countries.php","669","$st = $pdo->prepare('SELECT country_id FROM accounts WHERE id = ? LIMIT 1');"
"OK","Single-row lookup by primary key","accounts","includes/countries.php","689","$st = $pdo->prepare('SELECT country_id FROM accounts WHERE id = ? LIMIT 1');"
"OK","Scoped in same file (country filter / fetch wrapper / PK dup check)","accounts","includes/countries.php","712","'SELECT id FROM accounts WHERE id IN (' . $ph . ') AND country_id = ?'"
"OK","Explicit WHERE country_id = ? for country copy","accounts","includes/country_provision.php","52","$st = $pdo->prepare('SELECT COUNT(*) FROM accounts WHERE country_id = ?');"
"OK","Explicit WHERE country_id = ? for country copy","accounts","includes/country_provision.php","193","$stCnt = $pdo->prepare('SELECT COUNT(*) FROM accounts WHERE country_id = ?');"
"OK","Explicit WHERE country_id = ? for country copy","accounts","includes/country_provision.php","201","$stSrc = $pdo->prepare('SELECT * FROM accounts WHERE country_id = ? ORDER BY id ASC');"
"OK","File uses orange_gl_voucher_country_bind or equivalent in same action block","journal_vouchers","includes/financial_report_breakdown.php","46","INNER JOIN journal_vouchers jv ON jv.id = ps.voucher_id"
"OK","File uses orange_gl_voucher_country_bind or equivalent in same action block","journal_vouchers","includes/financial_report_breakdown.php","90","INNER JOIN journal_vouchers jv ON jv.id = ps.voucher_id"
"OK","File uses orange_gl_voucher_country_bind or equivalent in same action block","journal_vouchers","includes/financial_report_breakdown.php","130","FROM journal_vouchers jv"
"OK","File uses orange_gl_voucher_country_bind or equivalent in same action block","journal_vouchers","includes/financial_report_breakdown.php","174","INNER JOIN journal_vouchers jv ON jv.id = jl.voucher_id"
"OK","File uses orange_gl_voucher_country_bind or equivalent in same action block","accounts","includes/financial_report_breakdown.php","234","$sql = 'SELECT ' . $cols . ' FROM accounts a' . $join . ' WHERE ' . $lw;"
"OK","Activity check by fiscal_year_id (FY row is per-country)","journal_vouchers","includes/fiscal_years.php","175","$st = $pdo->prepare('SELECT 1 FROM journal_vouchers WHERE fiscal_year_id = ? LIMIT 1');"
"LOW","Aging by account_id — account chosen from scoped list; optional jv.country_id bind","journal_vouchers","includes/gl_account_aging.php","106","INNER JOIN journal_vouchers jv ON jv.id = jl.voucher_id"
"LOW","Aging by account_id — account chosen from scoped list; optional jv.country_id bind","journal_vouchers","includes/gl_account_aging.php","116","INNER JOIN journal_vouchers jv ON jv.id = jl.voucher_id"
"OK","Post/delete single pending voucher by PK","journal_vouchers","includes/gl_pending_movements.php","606","$vSt = $pdo->prepare('SELECT * FROM journal_vouchers WHERE id = ? FOR UPDATE');"
"OK","Post/delete single pending voucher by PK","journal_vouchers","includes/gl_pending_movements.php","629","$pdo->prepare('DELETE FROM journal_vouchers WHERE id = ?')->execute([$vid]);"
"OK","Line display join on voucher_id already scoped","accounts","includes/gl_pending_movements.php","660","INNER JOIN accounts a ON a.id = jl.account_id"
"OK","Batch label lookup for account_ids from already-filtered pending rows","accounts","includes/gl_pending_movements.php","702","$st = $pdo->query('SELECT id, COALESCE(code, \'\') AS code, name FROM accounts WHERE id IN (' ...."
"OK","Single-row lookup by primary key","accounts","includes/gl_pending_movements.php","798","$chk = $pdo->prepare('SELECT COALESCE(code, \'\') AS code, name FROM accounts WHERE id = ? LIMI..."
"LOW","Dedup check by order reference","journal_vouchers","includes/gl_pending_movements.php","841","$st = $pdo->prepare('SELECT 1 FROM journal_vouchers WHERE reference LIKE ? LIMIT 1');"
"OK","Scoped in same file (country filter / fetch wrapper / PK dup check)","accounts","includes/gl_settings.php","507","$sql = 'SELECT a.id FROM accounts a WHERE a.code = ? AND ' . orange_accounts_posting_leaf_where..."
"OK","Scoped in same file (country filter / fetch wrapper / PK dup check)","journal_vouchers","includes/journal_voucher.php","42","$sql = 'SELECT COALESCE(MAX(jv.id), 0) + 1 FROM journal_vouchers jv WHERE 1=1' . $bind['sql'];"
"OK","Single voucher by PK; caller asserts country via orange_journal_voucher_assert_admin_context","journal_vouchers","includes/journal_voucher.php","92","$st = $pdo->prepare('SELECT country_id FROM journal_vouchers WHERE id = ? LIMIT 1');"
"LOW","Reference key lookup (PUR-/OB-/SR- business unique); consider country guard if refs ever collide","journal_vouchers","includes/journal_voucher.php","108","$st = $pdo->prepare('SELECT * FROM journal_vouchers WHERE reference = ? ORDER BY id DESC LIMIT ..."
"OK","Single voucher by PK; caller asserts country via orange_journal_voucher_assert_admin_context","journal_vouchers","includes/journal_voucher.php","148","$pdo->prepare('DELETE FROM journal_vouchers WHERE id = ?')->execute([(int) $v['id']]);"
"LOW","Reference key lookup (PUR-/OB-/SR- business unique); consider country guard if refs ever collide","journal_vouchers","includes/journal_voucher.php","200","'SELECT reference FROM journal_vouchers WHERE reference LIKE ? ORDER BY id ASC'"
"OK","Serial/totals scoped via fiscal_year_id (per-country FY)","journal_vouchers","includes/journal_voucher.php","322","'SELECT COALESCE(MAX(voucher_serial), 0) + 1 FROM journal_vouchers WHERE fiscal_year_id = ? AND..."
"LOW","One-time schema backfill at migration — not hot path","journal_vouchers","includes/journal_voucher.php","343","'SELECT COUNT(*) FROM journal_vouchers WHERE voucher_serial <= 0 OR TRIM(COALESCE(journal_seria..."
"LOW","One-time schema backfill at migration — not hot path","journal_vouchers","includes/journal_voucher.php","351",". ' FROM journal_vouchers WHERE voucher_serial <= 0 OR TRIM(COALESCE(journal_serial_bucket,\'\'..."
"OK","Single voucher by PK; caller asserts country via orange_journal_voucher_assert_admin_context","accounts","includes/journal_voucher.php","483","$chk = $pdo->prepare('SELECT id FROM accounts WHERE id = ? LIMIT 1');"
"OK","Single voucher by PK; caller asserts country via orange_journal_voucher_assert_admin_context","journal_vouchers","includes/journal_voucher.php","580","$pdo->prepare('DELETE FROM journal_vouchers WHERE id = ?')->execute([$vid]);"
"OK","Single voucher by PK; caller asserts country via orange_journal_voucher_assert_admin_context","journal_vouchers","includes/journal_voucher.php","657","$ex = $pdo->prepare('SELECT id FROM journal_vouchers WHERE id = ? LIMIT 1');"
"OK","Single voucher by PK; caller asserts country via orange_journal_voucher_assert_admin_context","accounts","includes/journal_voucher.php","720","$chk = $pdo->prepare('SELECT id FROM accounts WHERE id = ? LIMIT 1');"
"OK","JOIN in orange_voucher_account_totals* with country bind in same SQL builder","journal_vouchers","includes/journal_voucher.php","771","INNER JOIN journal_vouchers jv ON jv.id = jl.voucher_id"
"OK","JOIN in orange_voucher_account_totals* with country bind in same SQL builder","journal_vouchers","includes/journal_voucher.php","824","INNER JOIN journal_vouchers jv ON jv.id = jl.voucher_id"
"OK","JOIN in orange_voucher_account_totals* with country bind in same SQL builder","journal_vouchers","includes/journal_voucher.php","873","INNER JOIN journal_vouchers jv ON jv.id = jl.voucher_id"
"LOW","order_number reference LIKE — order numbers globally unique per shop","journal_vouchers","includes/order_fulfillment.php","487","$st = $pdo->prepare('SELECT 1 FROM journal_vouchers WHERE reference LIKE ? LIMIT 1');"
"LOW","Party statement JOIN — filtered by party_id; party rows are country-scoped; optional hardening: add jv.country_id bind","journal_vouchers","includes/party_subledger.php","192","INNER JOIN journal_vouchers jv ON jv.id = ps.voucher_id"
"LOW","Party statement JOIN — filtered by party_id; party rows are country-scoped; optional hardening: add jv.country_id bind","journal_vouchers","includes/party_subledger.php","241","INNER JOIN journal_vouchers jv ON jv.id = ps.voucher_id"
"OK","YEC refs include fiscalYearId; totals via scoped orange_voucher_account_totals","journal_vouchers","includes/year_end_close.php","30","$stChk = $pdo->prepare('SELECT id FROM journal_vouchers WHERE reference IN (?,?,?,?) LIMIT 1');"
"OK","YEC refs include fiscalYearId; totals via scoped orange_voucher_account_totals","accounts","includes/year_end_close.php","93","$chk = $pdo->prepare('SELECT id FROM accounts WHERE id = ? LIMIT 1');"
"OK","YEC refs include fiscalYearId; totals via scoped orange_voucher_account_totals","journal_vouchers","includes/year_end_close.php","222","'SELECT id FROM journal_vouchers WHERE reference IN (?,?,?,?) OR (fiscal_year_id = ? AND entry_..."
"OK","YEC refs include fiscalYearId; totals via scoped orange_voucher_account_totals","journal_vouchers","includes/year_end_close.php","238","$pdo->prepare(""DELETE FROM journal_vouchers WHERE id IN ($delPh)"")->execute($ids);"
"MAINT","Migration/maintenance script — intentional global","accounts","scripts/migrations/010_remove_analytical_coa_root.sql","3","DELETE FROM accounts"
"MAINT","Migration/maintenance script — intentional global","accounts","scripts/migrations/010_remove_analytical_coa_root.sql","6","AND NOT EXISTS (SELECT 1 FROM accounts AS c WHERE c.parent_id = accounts.id);"
"MAINT","Migration/maintenance script — intentional global","accounts","scripts/migrations/011_ensure_off_balance_coa_root.sql","18","FROM accounts AS a"
"MED","Needs manual review","journal_vouchers","scripts/maintenance_empty_accounts_reset_autoincrement.sql","23","DELETE FROM journal_vouchers;"
"MED","Needs manual review","accounts","scripts/maintenance_empty_accounts_reset_autoincrement.sql","32","DELETE FROM accounts;"
"MAINT","Integrity check script","accounts","scripts/mysql-strong-integrity.sql","25","--   LEFT JOIN accounts a ON a.id = jl.account_id WHERE jl.account_id IS NOT NULL AND a.id IS N..."
