"file","line","table","risk","snippet"
"admin/api/accounts/delete-node.php","24","accounts","OK","$st = $pdo->prepare('SELECT id, name, code, parent_id FROM accounts WHERE id = ? LIMIT 1');"
"admin/api/accounts/delete-node.php","47","accounts","OK","$pdo->prepare('DELETE FROM accounts WHERE id = ?')->execute([$id]);"
"admin/api/accounts/lookup-by-code.php","34","accounts","OK","$sql = 'SELECT a.id, a.name, a.code FROM accounts a WHERE a.code = ? AND ' . orange_accounts_posting_leaf_where_sql($pdo, 'a');"
"admin/api/accounts/save-node.php","64","accounts","OK","$chk = $pdo->prepare('SELECT id FROM accounts WHERE id = ? LIMIT 1');"
"admin/api/accounts/save-node.php","101","accounts","OK","$dup = $pdo->prepare('SELECT id FROM accounts WHERE code = ? AND country_id = ? LIMIT 1');"
"admin/api/accounts/save-node.php","104","accounts","OK","$dup = $pdo->prepare('SELECT id FROM accounts WHERE code = ? LIMIT 1');"
"admin/api/accounts/save-node.php","155","accounts","OK","$exSt = $pdo->prepare('SELECT code FROM accounts WHERE id = ? LIMIT 1');"
"admin/api/accounts/save-node.php","176","accounts","OK","$dup = $pdo->prepare('SELECT id FROM accounts WHERE code = ? AND country_id = ? AND id <> ? LIMIT 1');"
"admin/api/accounts/save-node.php","179","accounts","OK","$dup = $pdo->prepare('SELECT id FROM accounts WHERE code = ? AND id <> ? LIMIT 1');"
"admin/api/accounts/save-root-setup.php","44","accounts","OK","$dup = $pdo->prepare('SELECT id FROM accounts WHERE code = ? AND country_id = ? LIMIT 1');"
"admin/api/accounts/save-root-setup.php","47","accounts","OK","$dup = $pdo->prepare('SELECT id FROM accounts WHERE code = ? LIMIT 1');"
"admin/api/accounts/save-root-setup.php","84","accounts","OK","$exSt = $pdo->prepare('SELECT id, code, parent_id FROM accounts WHERE id = ? LIMIT 1');"
"admin/api/accounts/save-root-setup.php","109","accounts","OK","$dup = $pdo->prepare('SELECT id FROM accounts WHERE code = ? AND country_id = ? AND id <> ? LIMIT 1');"
"admin/api/accounts/save-root-setup.php","112","accounts","OK","$dup = $pdo->prepare('SELECT id FROM accounts WHERE code = ? AND id <> ? LIMIT 1');"
"admin/api/accounts/search-leaves.php","33","accounts","OK","$conditions[] = 'EXISTS (SELECT 1 FROM accounts ch WHERE ch.parent_id = a.id)';"
"admin/api/accounts/search-leaves.php","39","accounts","OK","$sql = 'SELECT a.id, a.code, a.name FROM accounts a WHERE ' . $where;"
"admin/api/accounts/search-leaves.php","80","accounts","OK","$sql = 'SELECT ' . $cols . ' FROM accounts a WHERE 1=1';"
"admin/api/accounts/search-leaves.php","131","accounts","OK","$sql = 'SELECT ' . $cols . ' FROM accounts a WHERE ' . $leafWhere;"
"admin/api/accounts/suggest-code.php","21","accounts","OK","$chk = $pdo->prepare('SELECT id FROM accounts WHERE id = ? LIMIT 1');"
"admin/api/journal/manage.php","163","accounts","OK","$chk = $pdo->prepare('SELECT is_group FROM accounts WHERE id = ? LIMIT 1');"
"admin/api/journal/manage.php","321","accounts","OK","$chk = $pdo->prepare('SELECT is_group FROM accounts WHERE id = ? LIMIT 1');"
"admin/api/journal/manage.php","395","journal_vouchers","OK","$st = $pdo->prepare('SELECT * FROM journal_vouchers WHERE id = ? LIMIT 1');"
"admin/api/journal/manage.php","430","accounts","OK","INNER JOIN accounts a ON a.id = jl.account_id"
"admin/api/journal/manage.php","526","journal_vouchers","OK","'SELECT id, fiscal_year_id, voucher_serial, journal_serial_bucket, entry_type FROM journal_vouchers WHERE id = ? LIMIT 1'"
"admin/api/journal/manage.php","543","journal_vouchers","OK","'SELECT COUNT(*) FROM journal_vouchers jv WHERE ' . $etFragJv . ' AND jv.fiscal_year_id = ? AND jv.journal_serial_bucket = ?'"
"admin/api/journal/manage.php","552","journal_vouchers","OK","'SELECT jv.id FROM journal_vouchers jv WHERE ' . $etFragJv"
"admin/api/journal/manage.php","559","journal_vouchers","OK","'SELECT jv.id FROM journal_vouchers jv WHERE ' . $etFragJv"
"admin/api/journal/manage.php","566","journal_vouchers","OK","'SELECT jv.id FROM journal_vouchers jv WHERE ' . $etFragJv"
"admin/api/journal/manage.php","576","journal_vouchers","OK","'SELECT jv.id FROM journal_vouchers jv WHERE ' . $etFragJv"
"admin/api/journal/manage.php","588","journal_vouchers","OK","$cSt = $pdo->prepare('SELECT COUNT(*) FROM journal_vouchers WHERE ' . $etFrag);"
"admin/api/journal/manage.php","595","journal_vouchers","OK","$q = $pdo->prepare('SELECT COALESCE(MIN(id), 0) FROM journal_vouchers WHERE ' . $etFrag);"
"admin/api/journal/manage.php","599","journal_vouchers","OK","$q = $pdo->prepare('SELECT COALESCE(MAX(id), 0) FROM journal_vouchers WHERE ' . $etFrag);"
"admin/api/journal/manage.php","604","journal_vouchers","OK","$q = $pdo->prepare('SELECT COALESCE(MAX(id), 0) FROM journal_vouchers WHERE ' . $etFrag);"
"admin/api/journal/manage.php","608","journal_vouchers","OK","$q = $pdo->prepare('SELECT id FROM journal_vouchers WHERE ' . $etFrag . ' AND id < ? ORDER BY id DESC LIMIT 1');"
"admin/api/journal/manage.php","615","journal_vouchers","OK","$q = $pdo->prepare('SELECT COALESCE(MIN(id), 0) FROM journal_vouchers WHERE ' . $etFrag);"
"admin/api/journal/manage.php","619","journal_vouchers","OK","$q = $pdo->prepare('SELECT id FROM journal_vouchers WHERE ' . $etFrag . ' AND id > ? ORDER BY id ASC LIMIT 1');"
"admin/api/journal/manage.php","733","journal_vouchers","OK","FROM journal_vouchers jv"
"admin/api/journal/manage.php","766","journal_vouchers","OK","$stmt = $pdo->prepare('SELECT * FROM journal_vouchers WHERE id = ? LIMIT 1');"
"admin/api/journal/manage.php","850","journal_vouchers","OK","$pdo->prepare('DELETE FROM journal_vouchers WHERE id = ?')->execute([$id]);"
"admin/api/opening_balances/delete.php","36","journal_vouchers","OK","$ex = $pdo->prepare('SELECT id FROM journal_vouchers WHERE fiscal_year_id = ? AND entry_type = ?');"
"admin/api/opening_balances/delete.php","40","journal_vouchers","OK","$pdo->prepare('DELETE FROM journal_vouchers WHERE id = ?')->execute([(int) $oldId]);"
"admin/api/opening_balances/save.php","76","journal_vouchers","OK","$ex = $pdo->prepare('SELECT id FROM journal_vouchers WHERE fiscal_year_id = ? AND entry_type = ?');"
"admin/api/opening_balances/save.php","79","journal_vouchers","OK","$pdo->prepare('DELETE FROM journal_vouchers WHERE id = ?')->execute([(int)$oldId]);"
"admin/api/partners/customer-receipt-list.php","21","journal_vouchers","OK","""SELECT jv.id FROM journal_vouchers jv WHERE jv.entry_type = 'customer_receipt'"""
"admin/api/partners/customer-receipt-search.php","53","journal_vouchers","OK","FROM journal_vouchers v"
"admin/api/partners/supplier-payment-delete.php","24","journal_vouchers","OK","""SELECT id FROM journal_vouchers WHERE id = ? AND entry_type = 'supplier_payment' LIMIT 1"""
"admin/api/partners/supplier-payment-delete.php","39","journal_vouchers","OK","$pdo->prepare('DELETE FROM journal_vouchers WHERE id = ?')->execute([$voucherId]);"
"admin/api/partners/supplier-payment-list.php","21","journal_vouchers","OK","""SELECT jv.id FROM journal_vouchers jv WHERE jv.entry_type = 'supplier_payment'"""
"admin/api/partners/supplier-payment-load.php","23","journal_vouchers","OK","'SELECT id, voucher_date, reference, description, entry_type FROM journal_vouchers WHERE id = ? AND entry_type = ? LIMIT 1'"
"admin/api/partners/supplier-payment-search.php","53","journal_vouchers","OK","FROM journal_vouchers v"
"admin/api/settings/gl-accounts.php","28","accounts","OK","'SELECT id, name, code FROM accounts WHERE 1=1' . $acctFilter['sql']"
"admin/api/settings/gl-accounts.php","36","accounts","OK","'SELECT id, name, code FROM accounts WHERE 1=1 ORDER BY COALESCE(code, \'\') ASC, name ASC',"
"admin/api/settings/gl-accounts.php","139","accounts","OK","$chk = $pdo->prepare('SELECT id FROM accounts WHERE id = ? LIMIT 1');"
"admin/api/settings/gl-accounts.php","153","accounts","OK","$chkHasChildren = $pdo->prepare('SELECT 1 FROM accounts WHERE parent_id = ? LIMIT 1');"
"admin/api/suppliers/print-card.php","47","accounts","OK","$accSt = $pdo->prepare('SELECT code, name FROM accounts WHERE id = ? LIMIT 1');"
"admin/pages/accounting_reports_index.php","22","accounts","OK","$acctIdxSql = ""SELECT COUNT(*) FROM accounts a WHERE $acctIdxLw"";"
"admin/pages/financial_report.php","35","accounts","OK","$acctSql = 'SELECT id, name, code FROM accounts WHERE 1=1';"
"admin/pages/financial_report.php","61","accounts","OK","$frCountSql = ""SELECT COUNT(*) FROM accounts a WHERE $frPostingLeafWhere"";"
"admin/pages/financial_report.php","95","journal_vouchers","OK","INNER JOIN journal_vouchers jv ON jv.id = jl.voucher_id"
"admin/pages/fiscal_years.php","34","accounts","OK","$st = $pdoConn->prepare('SELECT code, name FROM accounts WHERE id = ? LIMIT 1');"
"admin/pages/gl_account_settings.php","37","accounts","OK","'SELECT a.id, a.name, a.code FROM accounts a WHERE 1=1',"
"admin/pages/gl_posting.php","23","accounts","OK","$glCountSql = ""SELECT COUNT(*) FROM accounts a WHERE $glPlw"";"
"admin/pages/journal_voucher_reports.php","42","journal_vouchers","OK","$sqlDist = 'SELECT DISTINCT jv.entry_type FROM journal_vouchers jv WHERE 1=1' . $jvCountryBindDist['sql']"
"admin/pages/journal_voucher_reports.php","77","accounts","OK","'SELECT ' . $accCols . ' FROM accounts a WHERE 1=1 ORDER BY COALESCE(a.code, \'\'), a.name',"
"admin/pages/journal_voucher_reports.php","86","journal_vouchers","OK","$sql = 'SELECT * FROM journal_vouchers jv"
"admin/pages/journal_voucher_screen.php","27","accounts","OK","$stCash = $pdo->prepare('SELECT id, code, name FROM accounts WHERE id = ? LIMIT 1');"
"admin/pages/opening_balances.php","113","journal_vouchers","OK","'SELECT id FROM journal_vouchers WHERE fiscal_year_id = ? AND entry_type = ? ORDER BY id DESC LIMIT 1'"
"admin/pages/opening_balances.php","119","journal_vouchers","OK","'SELECT voucher_date, reference, description, document_entered_at, created_at FROM journal_vouchers WHERE id = ? LIMIT 1'"
"admin/pages/opening_balances.php","140","accounts","OK","INNER JOIN accounts a ON a.id = jl.account_id"
"admin/pages/partner_account_statement.php","96","accounts","OK","$pasAcctSql = ""SELECT a.id, a.name, a.code FROM accounts a WHERE $leafWhere"";"
"admin/pages/partner_account_statement.php","221","journal_vouchers","OK","INNER JOIN journal_vouchers jv ON jv.id = ps.voucher_id"
"admin/pages/partner_account_statement.php","236","journal_vouchers","OK","INNER JOIN journal_vouchers jv ON jv.id = ps.voucher_id"
"admin/pages/partner_account_statement.php","267","journal_vouchers","OK","INNER JOIN journal_vouchers jv ON jv.id = jl.voucher_id"
"admin/pages/partner_account_statement.php","282","journal_vouchers","OK","INNER JOIN journal_vouchers jv ON jv.id = jl.voucher_id"
"admin/pages/partner_party_voucher_ui.php","39","accounts","OK","$stCash = $pdo->prepare('SELECT id, code, name FROM accounts WHERE id = ? LIMIT 1');"
"admin/pages/partner_party_voucher_ui.php","55","accounts","OK","$st = $pdo->prepare('SELECT id, code, name FROM accounts WHERE id = ? LIMIT 1');"
"admin/pages/partner_party_voucher_ui.php","84","accounts","OK","$st = $pdo->prepare('SELECT id, code, name FROM accounts WHERE id = ? LIMIT 1');"
"admin/pages/partner_party_voucher_ui.php","110","accounts","OK","$chSt = $pdo->prepare(""SELECT id FROM accounts WHERE parent_id IN ($ph) AND id NOT IN ($ph)"");"
"admin/pages/partner_party_voucher_ui.php","175","accounts","OK","$ppvCountSql = ""SELECT COUNT(*) FROM accounts a WHERE $ppvLw"";"
"admin/pages/partner_reports.php","27","accounts","OK","$prPostingLeafCt = (int) $pdo->query(""SELECT COUNT(*) FROM accounts a WHERE $prLeafWhere"")->fetchColumn();"
"admin/pages/partner_supplier_payment.php","29","accounts","OK","$stCash = $pdo->prepare('SELECT id, code, name FROM accounts WHERE id = ? LIMIT 1');"
"admin/pages/partner_supplier_payment.php","51","accounts","OK","$st = $pdo->prepare('SELECT id, code, name FROM accounts WHERE id = ? LIMIT 1');"
"admin/pages/partner_supplier_payment.php","73","accounts","OK","$chSt = $pdo->prepare(""SELECT id FROM accounts WHERE parent_id IN ($ph) AND id NOT IN ($ph)"");"
"admin/pages/purchases.php","66","accounts","OK","$st = $pdo->prepare('SELECT id, code, name FROM accounts WHERE id = ? LIMIT 1');"
"admin/pages/purchases.php","88","accounts","OK","$chSt = $pdo->prepare(""SELECT id FROM accounts WHERE parent_id IN ($ph) AND id NOT IN ($ph)"");"
"admin/pages/purchases.php","134","accounts","OK","$pv2AcctSql = 'SELECT id, code, name FROM accounts WHERE 1=1';"
"admin/pages/purchase_returns.php","76","accounts","OK","$st = $pdo->prepare('SELECT id, code, name FROM accounts WHERE id = ? LIMIT 1');"
"admin/pages/purchase_returns.php","101","accounts","OK","$chSt = $pdo->prepare(""SELECT id FROM accounts WHERE parent_id IN ($ph) AND id NOT IN ($ph)"");"
"admin/pages/purchase_returns.php","160","accounts","OK","foreach (orange_accounts_fetch($pdo, 'SELECT a.id, a.code, a.name FROM accounts a WHERE 1=1 ORDER BY a.code ASC', [], 'a') as $r) {"
"admin/pages/report_gl_account_monthly.php","21","accounts","OK","""SELECT a.id, a.name, a.code FROM accounts a WHERE $leafWhere ORDER BY COALESCE(a.code, ''), a.name"","
"admin/pages/report_gl_account_monthly.php","42","accounts","OK","$stOne = $pdo->prepare('SELECT code, name FROM accounts WHERE id = ? LIMIT 1');"
"admin/pages/report_gl_account_monthly.php","138","journal_vouchers","OK","INNER JOIN journal_vouchers jv ON jv.id = jl.voucher_id"
"admin/pages/report_gl_account_monthly.php","157","journal_vouchers","OK","INNER JOIN journal_vouchers jv ON jv.id = jl.voucher_id"
"admin/pages/report_pl_compare_years.php","20","accounts","OK","$accounts = orange_accounts_fetch($pdo, 'SELECT a.id FROM accounts a WHERE 1=1 ORDER BY COALESCE(a.code, \'\'), a.name', [], 'a');"
"admin/pages/report_pl_monthly.php","134","accounts","OK","""SELECT a.id, a.name, a.code FROM accounts a WHERE $leafWhere ORDER BY COALESCE(a.code, ''), a.name"","
"admin/pages/report_pl_monthly.php","212","journal_vouchers","OK","INNER JOIN journal_vouchers jv ON jv.id = jl.voucher_id"
"admin/pages/report_trial_balance.php","96","accounts","OK","$tbAcctSql = ""SELECT a.id, a.name, a.code FROM accounts a WHERE $leafWhere"";"
"admin/pages/suppliers.php","34","accounts","OK","'SELECT id FROM accounts WHERE parent_id IN (' . $apPh . ') AND id NOT IN (' . $apPh . ')'"
"admin/pages/suppliers.php","49","accounts","OK","$acctSql = 'SELECT a.id, a.code, a.name FROM accounts a WHERE a.id IN (' . $apPh . ') AND (' . $lw . ')';"
"admin/pages/suppliers.php","52","accounts","OK","$acctSql = 'SELECT a.id, a.code, a.name FROM accounts a WHERE ' . $lw;"
"includes/accounting_report_mapping.php","52","accounts","OK","$st = $pdo->prepare('SELECT ' . $cols . ' FROM accounts a' . $join . ' WHERE a.id IN (' . $ph . ')');"
"includes/account_tree.php","33","accounts","OK","$st = $pdo->prepare('SELECT parent_id FROM accounts WHERE id = ? LIMIT 1');"
"includes/account_tree.php","111","accounts","OK","$st = $pdo->prepare('SELECT code FROM accounts WHERE id = ? LIMIT 1');"
"includes/account_tree.php","141","accounts","OK","$st = $pdo->prepare('SELECT code FROM accounts WHERE id = ? LIMIT 1');"
"includes/account_tree.php","236","accounts","OK","$st = $pdo->prepare('SELECT ' . $sel . ' FROM accounts WHERE id = ? LIMIT 1');"
"includes/account_tree.php","459","accounts","OK","$sql = ""SELECT COUNT(*) FROM accounts a WHERE $lw"";"
"includes/account_tree.php","517","accounts","OK","$st = $pdo->prepare('SELECT parent_id FROM accounts WHERE id = ? LIMIT 1');"
"includes/account_tree.php","544","accounts","OK","$st = $pdo->prepare('SELECT parent_id FROM accounts WHERE id = ? LIMIT 1');"
"includes/account_tree.php","592","accounts","OK","$parts[] = ""NOT EXISTS (SELECT 1 FROM accounts ch WHERE ch.parent_id = {$alias}.id)"";"
"includes/account_tree.php","626","accounts","OK","$parentSql = 'SELECT DISTINCT parent_id FROM accounts WHERE COALESCE(parent_id, 0) > 0';"
"includes/account_tree.php","694","accounts","OK","$sql = 'SELECT a.id, a.code FROM accounts a WHERE a.id IN (' . $ph . ') AND ' . orange_accounts_posting_leaf_where_sql($pdo, 'a');"
"includes/account_tree.php","727","accounts","OK","$sql = 'SELECT a.code FROM accounts a WHERE a.id = ? AND ' . orange_accounts_posting_leaf_where_sql($pdo, 'a') . ' LIMIT 1';"
"includes/account_tree.php","752","accounts","OK","$rootSql = ""SELECT code FROM accounts WHERE (parent_id IS NULL OR parent_id = 0)"
"includes/account_tree.php","777","accounts","OK","$pst = $pdo->prepare('SELECT code FROM accounts WHERE id = ? LIMIT 1');"
"includes/account_tree.php","788","accounts","OK","'SELECT code FROM accounts WHERE parent_id = ? AND code IS NOT NULL AND code <> \'\''"
"includes/account_tree.php","894","accounts","OK","$ch = $pdo->prepare('SELECT COUNT(*) FROM accounts WHERE parent_id = ?');"
"includes/account_tree.php","953","accounts","OK","$sql = 'SELECT ' . $cols . ' FROM accounts WHERE (parent_id IS NULL OR parent_id = 0)';"
"includes/catalog_schema.php","508","accounts","OK","$stCnt = $pdo->prepare('SELECT COUNT(*) FROM accounts WHERE country_id = ?');"
"includes/catalog_schema.php","512","accounts","OK","$cnt = (int) $pdo->query('SELECT COUNT(*) FROM accounts')->fetchColumn();"
"includes/catalog_schema.php","552","accounts","OK","$stCnt2 = $pdo->prepare('SELECT COUNT(*) FROM accounts WHERE country_id = ?');"
"includes/catalog_schema.php","556","accounts","OK","$cnt2 = (int) $pdo->query('SELECT COUNT(*) FROM accounts')->fetchColumn();"
"includes/countries.php","669","accounts","OK","$st = $pdo->prepare('SELECT country_id FROM accounts WHERE id = ? LIMIT 1');"
"includes/countries.php","689","accounts","OK","$st = $pdo->prepare('SELECT country_id FROM accounts WHERE id = ? LIMIT 1');"
"includes/countries.php","712","accounts","OK","'SELECT id FROM accounts WHERE id IN (' . $ph . ') AND country_id = ?'"
"includes/country_provision.php","52","accounts","OK","$st = $pdo->prepare('SELECT COUNT(*) FROM accounts WHERE country_id = ?');"
"includes/country_provision.php","193","accounts","OK","$stCnt = $pdo->prepare('SELECT COUNT(*) FROM accounts WHERE country_id = ?');"
"includes/country_provision.php","201","accounts","OK","$stSrc = $pdo->prepare('SELECT * FROM accounts WHERE country_id = ? ORDER BY id ASC');"
"includes/financial_report_breakdown.php","46","journal_vouchers","OK","INNER JOIN journal_vouchers jv ON jv.id = ps.voucher_id"
"includes/financial_report_breakdown.php","90","journal_vouchers","OK","INNER JOIN journal_vouchers jv ON jv.id = ps.voucher_id"
"includes/financial_report_breakdown.php","130","journal_vouchers","OK","FROM journal_vouchers jv"
"includes/financial_report_breakdown.php","174","journal_vouchers","OK","INNER JOIN journal_vouchers jv ON jv.id = jl.voucher_id"
"includes/financial_report_breakdown.php","234","accounts","OK","$sql = 'SELECT ' . $cols . ' FROM accounts a' . $join . ' WHERE ' . $lw;"
"includes/fiscal_years.php","175","journal_vouchers","OK","$st = $pdo->prepare('SELECT 1 FROM journal_vouchers WHERE fiscal_year_id = ? LIMIT 1');"
"includes/gl_account_aging.php","110","journal_vouchers","OK","INNER JOIN journal_vouchers jv ON jv.id = jl.voucher_id"
"includes/gl_account_aging.php","120","journal_vouchers","OK","INNER JOIN journal_vouchers jv ON jv.id = jl.voucher_id"
"includes/gl_pending_movements.php","607","journal_vouchers","OK","$vSt = $pdo->prepare('SELECT * FROM journal_vouchers WHERE id = ? FOR UPDATE');"
"includes/gl_pending_movements.php","630","journal_vouchers","OK","$pdo->prepare('DELETE FROM journal_vouchers WHERE id = ?')->execute([$vid]);"
"includes/gl_pending_movements.php","661","accounts","OK","INNER JOIN accounts a ON a.id = jl.account_id"
"includes/gl_pending_movements.php","703","accounts","OK","$acctSql = 'SELECT id, COALESCE(code, \'\') AS code, name FROM accounts WHERE id IN (' . $in . ')';"
"includes/gl_pending_movements.php","811","accounts","OK","$chk = $pdo->prepare('SELECT COALESCE(code, \'\') AS code, name FROM accounts WHERE id = ? LIMIT 1');"
"includes/gl_settings.php","507","accounts","OK","$sql = 'SELECT a.id FROM accounts a WHERE a.code = ? AND ' . orange_accounts_posting_leaf_where_sql($pdo, 'a');"
"includes/journal_voucher.php","42","journal_vouchers","OK","$sql = 'SELECT COALESCE(MAX(jv.id), 0) + 1 FROM journal_vouchers jv WHERE 1=1' . $bind['sql'];"
"includes/journal_voucher.php","60","journal_vouchers","OK","'SELECT 1 FROM journal_vouchers WHERE reference LIKE ?' . $bind['sql'] . ' LIMIT 1'"
"includes/journal_voucher.php","77","journal_vouchers","OK","'SELECT reference FROM journal_vouchers WHERE reference LIKE ?' . $bind['sql'] . ' ORDER BY id ASC'"
"includes/journal_voucher.php","124","journal_vouchers","OK","$st = $pdo->prepare('SELECT country_id FROM journal_vouchers WHERE id = ? LIMIT 1');"
"includes/journal_voucher.php","142","journal_vouchers","OK","'SELECT * FROM journal_vouchers WHERE reference = ?' . $bind['sql'] . ' ORDER BY id DESC LIMIT 1'"
"includes/journal_voucher.php","183","journal_vouchers","OK","$pdo->prepare('DELETE FROM journal_vouchers WHERE id = ?')->execute([(int) $v['id']]);"
"includes/journal_voucher.php","363","journal_vouchers","OK","'SELECT COALESCE(MAX(voucher_serial), 0) + 1 FROM journal_vouchers WHERE fiscal_year_id = ? AND journal_serial_bucket = ?'"
"includes/journal_voucher.php","384","journal_vouchers","OK","'SELECT COUNT(*) FROM journal_vouchers WHERE voucher_serial <= 0 OR TRIM(COALESCE(journal_serial_bucket,\'\')) = \'\''"
"includes/journal_voucher.php","392","journal_vouchers","OK",". ' FROM journal_vouchers WHERE voucher_serial <= 0 OR TRIM(COALESCE(journal_serial_bucket,\'\')) = \'\' ORDER BY COALESCE(fiscal_year_id,0) ASC, id ASC'"
"includes/journal_voucher.php","524","accounts","OK","$chk = $pdo->prepare('SELECT id FROM accounts WHERE id = ? LIMIT 1');"
"includes/journal_voucher.php","621","journal_vouchers","OK","$pdo->prepare('DELETE FROM journal_vouchers WHERE id = ?')->execute([$vid]);"
"includes/journal_voucher.php","698","journal_vouchers","OK","$ex = $pdo->prepare('SELECT id FROM journal_vouchers WHERE id = ? LIMIT 1');"
"includes/journal_voucher.php","761","accounts","OK","$chk = $pdo->prepare('SELECT id FROM accounts WHERE id = ? LIMIT 1');"
"includes/journal_voucher.php","812","journal_vouchers","OK","INNER JOIN journal_vouchers jv ON jv.id = jl.voucher_id"
"includes/journal_voucher.php","865","journal_vouchers","OK","INNER JOIN journal_vouchers jv ON jv.id = jl.voucher_id"
"includes/journal_voucher.php","914","journal_vouchers","OK","INNER JOIN journal_vouchers jv ON jv.id = jl.voucher_id"
"includes/party_subledger.php","193","journal_vouchers","OK","INNER JOIN journal_vouchers jv ON jv.id = ps.voucher_id"
"includes/party_subledger.php","243","journal_vouchers","OK","INNER JOIN journal_vouchers jv ON jv.id = ps.voucher_id"
"includes/year_end_close.php","30","journal_vouchers","OK","$stChk = $pdo->prepare('SELECT id FROM journal_vouchers WHERE reference IN (?,?,?,?) LIMIT 1');"
"includes/year_end_close.php","93","accounts","OK","$chk = $pdo->prepare('SELECT id FROM accounts WHERE id = ? LIMIT 1');"
"includes/year_end_close.php","222","journal_vouchers","OK","'SELECT id FROM journal_vouchers WHERE reference IN (?,?,?,?) OR (fiscal_year_id = ? AND entry_type = ?)'"
"includes/year_end_close.php","238","journal_vouchers","OK","$pdo->prepare(""DELETE FROM journal_vouchers WHERE id IN ($delPh)"")->execute($ids);"
"scripts/migrations/010_remove_analytical_coa_root.sql","5","accounts","MAINT","DELETE a FROM accounts a"
"scripts/migrations/010_remove_analytical_coa_root.sql","12","accounts","MAINT","AND NOT EXISTS (SELECT 1 FROM accounts AS c WHERE c.parent_id = a.id);"
"scripts/migrations/011_ensure_off_balance_coa_root.sql","36","accounts","MAINT","FROM accounts a"
"scripts/migrations/011_ensure_off_balance_coa_root.sql","46","accounts","MAINT","FROM accounts AS a"
"scripts/maintenance_empty_accounts_reset_autoincrement.sql","42","journal_vouchers","MAINT","'INNER JOIN journal_vouchers jv ON jv.id = ps.voucher_id ',"
"scripts/maintenance_empty_accounts_reset_autoincrement.sql","55","journal_vouchers","MAINT","'INNER JOIN journal_vouchers jv ON jv.id = ps.voucher_id ',"
"scripts/maintenance_empty_accounts_reset_autoincrement.sql","68","journal_vouchers","MAINT","'INNER JOIN journal_vouchers jv ON jv.id = jl.voucher_id ',"
"scripts/maintenance_empty_accounts_reset_autoincrement.sql","79","journal_vouchers","MAINT","CONCAT('DELETE FROM journal_vouchers WHERE country_id = ', @cid),"
"scripts/maintenance_empty_accounts_reset_autoincrement.sql","80","journal_vouchers","MAINT","IF(@has_jv_country > 0, 'SELECT 1', 'DELETE FROM journal_vouchers')"
"scripts/maintenance_empty_accounts_reset_autoincrement.sql","90","accounts","MAINT","'LEFT JOIN accounts ad ON ad.id = og.account_debit ',"
"scripts/maintenance_empty_accounts_reset_autoincrement.sql","91","accounts","MAINT","'LEFT JOIN accounts ac ON ac.id = og.account_credit ',"
"scripts/maintenance_empty_accounts_reset_autoincrement.sql","113","accounts","MAINT","'INNER JOIN accounts a ON a.id = e.expense_account_id ',"
"scripts/maintenance_empty_accounts_reset_autoincrement.sql","125","accounts","MAINT","CONCAT('DELETE FROM accounts WHERE country_id = ', @cid),"
"scripts/maintenance_empty_accounts_reset_autoincrement.sql","126","accounts","MAINT","IF(@has_acct_country > 0, 'SELECT 1', 'DELETE FROM accounts')"
"scripts/maintenance_empty_accounts_reset_autoincrement.sql","132","accounts","MAINT","SET @acct_remaining := (SELECT COUNT(*) FROM accounts);"
"scripts/mysql-strong-integrity.sql","30","accounts","MAINT","-- LEFT JOIN accounts a ON a.id = jl.account_id WHERE jl.account_id IS NOT NULL AND a.id IS NULL;"
"scripts/mysql-strong-integrity.sql","42","journal_vouchers","MAINT","-- INNER JOIN journal_vouchers jv ON jv.id = jl.voucher_id"
"scripts/mysql-strong-integrity.sql","43","accounts","MAINT","-- LEFT JOIN accounts a ON a.id = jl.account_id AND a.country_id = jv.country_id"
"scripts/mysql-strong-integrity.sql","46","accounts","MAINT","-- LEFT JOIN accounts a ON a.id = og.account_debit AND a.country_id = @cid"
