"Section","Page","Area","CountryScope","PolicyRef","Status","InRouter","FilePath","Notes"
"AdminScreen","dashboard","Main","country","v52","OK","yes","admin/pages/dashboard.php",""
"AdminScreen","stock","Warehouse","country","admin-screens","OK","yes","admin/pages/stock.php",""
"AdminScreen","opening_stock_balances","Warehouse","country","admin-screens","OK","yes","admin/pages/opening_stock_balances.php",""
"AdminScreen","item_card","Warehouse","country","admin-screens","OK","yes","admin/pages/item_card.php",""
"AdminScreen","suppliers","Purchasing","country","admin-screens","OK","yes","admin/pages/suppliers.php",""
"AdminScreen","purchases","Purchasing","country","GAP-04","OK","yes","admin/pages/purchases.php","GL country_id on posting"
"AdminScreen","purchase_returns","Purchasing","country","GAP-04","OK","yes","admin/pages/purchase_returns.php",""
"AdminScreen","departments","Catalog","global+per-country active","v52-S9","OK","yes","admin/pages/departments.php","department_countries"
"AdminScreen","unified_catalog_branches","Catalog","global","5tax","OK","yes","admin/pages/unified_catalog_branches.php","Unified taxonomy ERD"
"AdminScreen","product_types","Catalog","global","5tax","OK","yes","admin/pages/product_types.php",""
"AdminScreen","catalog_attributes","Catalog","global","5tax","OK","yes","admin/pages/catalog_attributes.php",""
"AdminScreen","color_dictionary","Catalog","global","admin-screens","OK","yes","admin/pages/color_dictionary.php",""
"AdminScreen","pattern_dictionary","Catalog","global","admin-screens","OK","yes","admin/pages/pattern_dictionary.php",""
"AdminScreen","size_scheme_templates","Catalog","global","admin-screens","OK","yes","admin/pages/size_scheme_templates.php",""
"AdminScreen","sizing_dictionary","Catalog","global","admin-screens","OK","yes","admin/pages/sizing_dictionary.php",""
"AdminScreen","size_families","Catalog","global","admin-screens","OK","yes","admin/pages/size_families.php",""
"AdminScreen","advisory_sizing_guides","Catalog","global","admin-screens","OK","yes","admin/pages/advisory_sizing_guides.php",""
"AdminScreen","products","Products","country","admin-screens","OK","yes","admin/pages/products.php",""
"AdminScreen","customers","Sales","country","S15/zero","OK","yes","admin/pages/customers.php","Phone country select"
"AdminScreen","orders","Sales","country","S16-17","OK","yes","admin/pages/orders.php",""
"AdminScreen","company_sales_invoice","Sales","country","GAP-SALE-DOC-01","OK","yes","admin/pages/company_sales_invoice.php","INV-C doc v2 sv2"
"AdminScreen","online_sales_invoice","Sales","country","GAP-SALE-DOC-01","OK","yes","admin/pages/online_sales_invoice.php","INV-O doc v2 ov2"
"AdminScreen","reserved_orders","Sales","country","S23/S28","OK","yes","admin/pages/reserved_orders.php","Stock reservations"
"AdminScreen","order_intake_queue","Sales","country","S1","OK","yes","admin/pages/order_intake_queue.php",""
"AdminScreen","invoice","Sales","country","v52-S3","OK","yes","admin/pages/invoice.php","company_settings per country"
"AdminScreen","manual_order","Sales","country","GAP-SALE-DOC-01","OK","yes","admin/pages/manual_order.php","Legacy redirect to company_sales_invoice"
"AdminScreen","sales_invoices","Sales","country","GAP-SALE-DOC-01","OK","yes","admin/pages/sales_invoices.php","Legacy browse redirect to company_sales_invoice"
"AdminScreen","online_invoices","Sales","country","GAP-SALE-DOC-01","OK","yes","admin/pages/online_invoices.php","Legacy redirect to online_sales_invoice"
"AdminScreen","sales_returns","Sales","country","GAP-SALE-DOC-01","OK","yes","admin/pages/sales_returns.php","sr2 doc v2 parity pr2"
"AdminScreen","offers","Promotions","country","S4","OK","yes","admin/pages/offers.php",""
"AdminScreen","cart_promotions","Promotions","country","S4/S7","OK","yes","admin/pages/cart_promotions.php",""
"AdminScreen","cart_gift_promotions","Promotions","country","S4","OK","yes","admin/pages/cart_gift_promotions.php",""
"AdminScreen","cart_bogo_promotions","Promotions","country","S4","OK","yes","admin/pages/cart_bogo_promotions.php",""
"AdminScreen","cart_combo_promotions","Promotions","country","S4/S22","OK","yes","admin/pages/cart_combo_promotions.php",""
"AdminScreen","reports","SalesReports","country","S8","OK","yes","admin/pages/reports.php","Sales by delivery area"
"AdminScreen","channel_analytics","SalesReports","country","admin-screens","OK","yes","admin/pages/channel_analytics.php",""
"AdminScreen","chart_of_accounts","GL","country","GAP-09","OK","yes","admin/pages/chart_of_accounts.php",""
"AdminScreen","gl_account_settings","GL","country","GAP-01","OK","yes","admin/pages/gl_account_settings.php",""
"AdminScreen","journal_types","GL","country","v52-S1","OK","yes","admin/pages/journal_types.php",""
"AdminScreen","fiscal_years","GL","country","v52-S2","OK","yes","admin/pages/fiscal_years.php",""
"AdminScreen","edit_lock","GL","country","GL-MOVEMENTS","OK","yes","admin/pages/edit_lock.php","Edit lock hub (replaces legacy gl_posting)"
"AdminScreen","opening_balances","GL","country","GAP-06","OK","yes","admin/pages/opening_balances.php",""
"AdminScreen","journal_entries","Vouchers","country","GAP-09","OK","yes","admin/pages/journal_entries.php","journal_voucher_screen.php"
"AdminScreen","receipt_voucher","Vouchers","country","GAP-09","OK","yes","admin/pages/receipt_voucher.php",""
"AdminScreen","payment_voucher","Vouchers","country","GAP-09","OK","yes","admin/pages/payment_voucher.php",""
"AdminScreen","other_vouchers","Vouchers","country","GAP-09","OK","yes","admin/pages/other_vouchers.php",""
"AdminScreen","partner_customer_receipt","Vouchers","country","GAP-09","OK","yes","admin/pages/partner_customer_receipt.php","partner_party_voucher_ui"
"AdminScreen","partner_supplier_payment","Vouchers","country","GAP-09","OK","yes","admin/pages/partner_supplier_payment.php",""
"AdminScreen","journal_voucher_reports","GLReports","country","GAP-09","OK","yes","admin/pages/journal_voucher_reports.php",""
"AdminScreen","partner_account_statement","GLReports","country","GAP-09-j2","OK","yes","admin/pages/partner_account_statement.php",""
"AdminScreen","financial_report","GLReports","country","ACCOUNTING-v2","OK","yes","admin/pages/financial_report.php",""
"AdminScreen","report_gl_account_monthly","GLReports","country","GAP-09-j2","OK","yes","admin/pages/report_gl_account_monthly.php",""
"AdminScreen","partner_reports","GLReports","country","admin-screens","OK","yes","admin/pages/partner_reports.php",""
"AdminScreen","report_income_statement","GLReports","country","ACCOUNTING-v2","OK","yes","admin/pages/report_income_statement.php",""
"AdminScreen","report_trading_account","GLReports","country","ACCOUNTING-v2","OK","yes","admin/pages/report_trading_account.php","includes detail partial"
"AdminScreen","report_pl_monthly","GLReports","country","GAP-09-j2","OK","yes","admin/pages/report_pl_monthly.php",""
"AdminScreen","report_pl_compare_years","GLReports","country","admin-screens","OK","yes","admin/pages/report_pl_compare_years.php",""
"AdminScreen","report_trial_balance","GLReports","country","ACCOUNTING-v2","OK","yes","admin/pages/report_trial_balance.php",""
"AdminScreen","company_settings","Settings","country","v52-S3","OK","yes","admin/pages/company_settings.php",""
"AdminScreen","company_documents","Settings","global","admin-screens","OK","yes","admin/pages/company_documents.php",""
"AdminScreen","logs","Settings","global","admin-screens","OK","yes","admin/pages/logs.php",""
"AdminScreen","countries","Settings","global","MULTICOUNTRY","OK","yes","admin/pages/countries.php","country_provision"
"AdminScreen","admin_users","Settings","global","admin-screens","OK","yes","admin/pages/admin_users.php",""
"AdminScreen","channels","Market","country","S31/v55","OK","yes","admin/pages/channels.php","is_country_default"
"AdminScreen","delivery_areas","Market","country","S8/S20","OK","yes","admin/pages/delivery_areas.php",""
"AdminScreen","storefront_hero","Market","country","GAP-03/S3","OK","yes","admin/pages/storefront_hero.php",""
"AdminScreen","storefront_merge_requests","Market","country","GAP-07/S15","OK","yes","admin/pages/storefront_merge_requests.php",""
