"Section","GapId","Severity","Status","Topic","OpenGaps"
"GAP","GAP-01","HIGH","CLOSED","gl_journal_type_rules per country","0"
"GAP","GAP-02","HIGH","CLOSED","provision journal_type remap","0"
"GAP","GAP-03","MEDIUM","CLOSED","storefront_hero scoped","0"
"GAP","GAP-04","MEDIUM","CLOSED","purchase GL country_id","0"
"GAP","GAP-05","MEDIUM","CLOSED","fiscal voucher fallback country","0"
"GAP","GAP-06","MEDIUM","CLOSED","opening_balances country","0"
"GAP","GAP-07","LOW","CLOSED","phone merge per country","0"
"GAP","GAP-08","LOW","CLOSED","legacy copy_lines migrate","0"
"GAP","GAP-09","AUDIT","CLOSED","GL country bind j4 182 hits 0 HIGH 0 LOW","0"
